-- phpMyAdmin SQL Dump
-- version 4.6.5.2
-- https://www.phpmyadmin.net/
--
-- Host: 127.0.0.1
-- Generation Time: Jul 13, 2018 at 06:11 AM
-- Server version: 10.1.21-MariaDB
-- PHP Version: 7.1.1

SET SQL_MODE = "NO_AUTO_VALUE_ON_ZERO";
SET time_zone = "+00:00";


/*!40101 SET @OLD_CHARACTER_SET_CLIENT=@@CHARACTER_SET_CLIENT */;
/*!40101 SET @OLD_CHARACTER_SET_RESULTS=@@CHARACTER_SET_RESULTS */;
/*!40101 SET @OLD_COLLATION_CONNECTION=@@COLLATION_CONNECTION */;
/*!40101 SET NAMES utf8mb4 */;

--
-- Database: `ecommerce`
--

-- --------------------------------------------------------

--
-- Table structure for table `migrations`
--

CREATE TABLE `migrations` (
  `id` int(10) UNSIGNED NOT NULL,
  `migration` varchar(191) COLLATE utf8mb4_unicode_ci NOT NULL,
  `batch` int(11) NOT NULL
) ENGINE=InnoDB DEFAULT CHARSET=utf8mb4 COLLATE=utf8mb4_unicode_ci;

--
-- Dumping data for table `migrations`
--

INSERT INTO `migrations` (`id`, `migration`, `batch`) VALUES
(1, '2014_10_12_000000_create_users_table', 1),
(2, '2014_10_12_100000_create_password_resets_table', 1),
(3, '2016_06_01_000001_create_oauth_auth_codes_table', 1),
(4, '2016_06_01_000002_create_oauth_access_tokens_table', 1),
(5, '2016_06_01_000003_create_oauth_refresh_tokens_table', 1),
(6, '2016_06_01_000004_create_oauth_clients_table', 1),
(7, '2016_06_01_000005_create_oauth_personal_access_clients_table', 1),
(8, '2018_05_04_194659_create_products_table', 1),
(9, '2018_05_04_195147_create_reviews_table', 1);

-- --------------------------------------------------------

--
-- Table structure for table `oauth_access_tokens`
--

CREATE TABLE `oauth_access_tokens` (
  `id` varchar(100) COLLATE utf8mb4_unicode_ci NOT NULL,
  `user_id` int(11) DEFAULT NULL,
  `client_id` int(11) NOT NULL,
  `name` varchar(191) COLLATE utf8mb4_unicode_ci DEFAULT NULL,
  `scopes` text COLLATE utf8mb4_unicode_ci,
  `revoked` tinyint(1) NOT NULL,
  `created_at` timestamp NULL DEFAULT NULL,
  `updated_at` timestamp NULL DEFAULT NULL,
  `expires_at` datetime DEFAULT NULL
) ENGINE=InnoDB DEFAULT CHARSET=utf8mb4 COLLATE=utf8mb4_unicode_ci;

--
-- Dumping data for table `oauth_access_tokens`
--

INSERT INTO `oauth_access_tokens` (`id`, `user_id`, `client_id`, `name`, `scopes`, `revoked`, `created_at`, `updated_at`, `expires_at`) VALUES
('7035643635d02c784e555e0b85c74638c79b3791e32907a4b3f5fec1382b52ba3c32ea05934d98c0', 1, 2, NULL, '[]', 0, '2018-07-13 07:21:02', '2018-07-13 07:21:02', '2019-07-13 02:21:02'),
('728623699f858e4f47b87090d5b13006f9e49a3cf8f8e7b52433f212d1a6f3f99feccb55a4766617', 1, 2, NULL, '[]', 0, '2018-07-13 08:09:37', '2018-07-13 08:09:37', '2019-07-13 03:09:37'),
('7eb35c620f9bbbe1f90c66101d7f6f64f02616b47806af65a266108a41b2fad39488841e1b86e103', 6, 2, NULL, '[]', 0, '2018-07-13 08:20:16', '2018-07-13 08:20:16', '2019-07-13 03:20:16'),
('91c07ca15406b1cf0e5390a86147d3ccfdd0f79c73198d9b31ae45a0bee03311fc96429bdee9719e', 6, 2, NULL, '[]', 0, '2018-07-13 08:18:36', '2018-07-13 08:18:36', '2019-07-13 03:18:36');

-- --------------------------------------------------------

--
-- Table structure for table `oauth_auth_codes`
--

CREATE TABLE `oauth_auth_codes` (
  `id` varchar(100) COLLATE utf8mb4_unicode_ci NOT NULL,
  `user_id` int(11) NOT NULL,
  `client_id` int(11) NOT NULL,
  `scopes` text COLLATE utf8mb4_unicode_ci,
  `revoked` tinyint(1) NOT NULL,
  `expires_at` datetime DEFAULT NULL
) ENGINE=InnoDB DEFAULT CHARSET=utf8mb4 COLLATE=utf8mb4_unicode_ci;

-- --------------------------------------------------------

--
-- Table structure for table `oauth_clients`
--

CREATE TABLE `oauth_clients` (
  `id` int(10) UNSIGNED NOT NULL,
  `user_id` int(11) DEFAULT NULL,
  `name` varchar(191) COLLATE utf8mb4_unicode_ci NOT NULL,
  `secret` varchar(100) COLLATE utf8mb4_unicode_ci NOT NULL,
  `redirect` text COLLATE utf8mb4_unicode_ci NOT NULL,
  `personal_access_client` tinyint(1) NOT NULL,
  `password_client` tinyint(1) NOT NULL,
  `revoked` tinyint(1) NOT NULL,
  `created_at` timestamp NULL DEFAULT NULL,
  `updated_at` timestamp NULL DEFAULT NULL
) ENGINE=InnoDB DEFAULT CHARSET=utf8mb4 COLLATE=utf8mb4_unicode_ci;

--
-- Dumping data for table `oauth_clients`
--

INSERT INTO `oauth_clients` (`id`, `user_id`, `name`, `secret`, `redirect`, `personal_access_client`, `password_client`, `revoked`, `created_at`, `updated_at`) VALUES
(1, NULL, 'Laravel Personal Access Client', 'WCT9NTIxAYS1IhLfDZXzJ31spc45wNcbwfqvhUIt', 'http://localhost', 1, 0, 0, '2018-07-13 07:14:45', '2018-07-13 07:14:45'),
(2, NULL, 'Laravel Password Grant Client', '42YwLARIRH94353wlraYJWwkX5SczbubQJBoR1AX', 'http://localhost', 0, 1, 0, '2018-07-13 07:14:45', '2018-07-13 07:14:45');

-- --------------------------------------------------------

--
-- Table structure for table `oauth_personal_access_clients`
--

CREATE TABLE `oauth_personal_access_clients` (
  `id` int(10) UNSIGNED NOT NULL,
  `client_id` int(11) NOT NULL,
  `created_at` timestamp NULL DEFAULT NULL,
  `updated_at` timestamp NULL DEFAULT NULL
) ENGINE=InnoDB DEFAULT CHARSET=utf8mb4 COLLATE=utf8mb4_unicode_ci;

--
-- Dumping data for table `oauth_personal_access_clients`
--

INSERT INTO `oauth_personal_access_clients` (`id`, `client_id`, `created_at`, `updated_at`) VALUES
(1, 1, '2018-07-13 07:14:45', '2018-07-13 07:14:45');

-- --------------------------------------------------------

--
-- Table structure for table `oauth_refresh_tokens`
--

CREATE TABLE `oauth_refresh_tokens` (
  `id` varchar(100) COLLATE utf8mb4_unicode_ci NOT NULL,
  `access_token_id` varchar(100) COLLATE utf8mb4_unicode_ci NOT NULL,
  `revoked` tinyint(1) NOT NULL,
  `expires_at` datetime DEFAULT NULL
) ENGINE=InnoDB DEFAULT CHARSET=utf8mb4 COLLATE=utf8mb4_unicode_ci;

--
-- Dumping data for table `oauth_refresh_tokens`
--

INSERT INTO `oauth_refresh_tokens` (`id`, `access_token_id`, `revoked`, `expires_at`) VALUES
('6c0777ce3acad28d778235cdc918cbc16dd4295e6ad45d3e92baef100088dd084cb06731ff394864', '728623699f858e4f47b87090d5b13006f9e49a3cf8f8e7b52433f212d1a6f3f99feccb55a4766617', 0, '2019-07-13 03:09:37'),
('7e7b16378a96d346bf77b825988ca94ee999123fd79fd69534abf97ec82f6b3bc55bbfca23eca5ec', '7035643635d02c784e555e0b85c74638c79b3791e32907a4b3f5fec1382b52ba3c32ea05934d98c0', 0, '2019-07-13 02:21:02'),
('bf2bbaf6c0e315aa37f79cfd4c993ef27362490e2b3691d1e275ef0d9da895e5e5cdee3f09dcc5ad', '7eb35c620f9bbbe1f90c66101d7f6f64f02616b47806af65a266108a41b2fad39488841e1b86e103', 0, '2019-07-13 03:20:17'),
('d3c7cf9a7cad63b52a793b8ef6ba2bdd09400a0fc9a1db7a90cea61174ea2d974f6c555ffe1381e3', '91c07ca15406b1cf0e5390a86147d3ccfdd0f79c73198d9b31ae45a0bee03311fc96429bdee9719e', 0, '2019-07-13 03:18:36');

-- --------------------------------------------------------

--
-- Table structure for table `password_resets`
--

CREATE TABLE `password_resets` (
  `email` varchar(191) COLLATE utf8mb4_unicode_ci NOT NULL,
  `token` varchar(191) COLLATE utf8mb4_unicode_ci NOT NULL,
  `created_at` timestamp NULL DEFAULT NULL
) ENGINE=InnoDB DEFAULT CHARSET=utf8mb4 COLLATE=utf8mb4_unicode_ci;

-- --------------------------------------------------------

--
-- Table structure for table `products`
--

CREATE TABLE `products` (
  `id` int(10) UNSIGNED NOT NULL,
  `name` varchar(191) COLLATE utf8mb4_unicode_ci NOT NULL,
  `detail` text COLLATE utf8mb4_unicode_ci NOT NULL,
  `price` int(11) NOT NULL,
  `stock` int(11) NOT NULL,
  `discount` int(11) NOT NULL,
  `user_id` int(10) UNSIGNED NOT NULL,
  `created_at` timestamp NULL DEFAULT NULL,
  `updated_at` timestamp NULL DEFAULT NULL
) ENGINE=InnoDB DEFAULT CHARSET=utf8mb4 COLLATE=utf8mb4_unicode_ci;

--
-- Dumping data for table `products`
--

INSERT INTO `products` (`id`, `name`, `detail`, `price`, `stock`, `discount`, `user_id`, `created_at`, `updated_at`) VALUES
(1, 'Karen Cole', 'Et illo soluta saepe similique nam. Aut asperiores aut ut quibusdam ut optio ipsum dolores. Asperiores alias modi totam sit debitis. Earum dignissimos culpa sequi quaerat ratione voluptate inventore.', 842, 8, 29, 5, '2018-07-13 07:16:57', '2018-07-13 07:16:57'),
(2, 'Marlee Carroll', 'Voluptatibus rerum quod id est inventore et. Et incidunt qui dignissimos sint aperiam alias quia. Voluptatem fuga iure saepe animi. Quia vitae libero reiciendis exercitationem.', 548, 5, 23, 2, '2018-07-13 07:16:57', '2018-07-13 07:16:57'),
(3, 'Dr. Domingo Emard', 'Qui beatae sit iusto reprehenderit dolore ducimus. Quo et aliquam ut deleniti. Aliquid qui omnis aperiam ipsa. Et quia exercitationem est. Maxime enim repellendus occaecati eum fuga.', 901, 8, 3, 2, '2018-07-13 07:16:57', '2018-07-13 07:16:57'),
(4, 'Mireille Hilpert', 'Quo placeat quia veniam commodi eos omnis. Nam ut adipisci voluptates dolor tenetur est. Non maiores vel aperiam et consequatur.', 847, 6, 9, 3, '2018-07-13 07:16:57', '2018-07-13 07:16:57'),
(5, 'Mrs. Mossie Rutherford MD', 'Nemo nihil repellendus quia numquam. Laboriosam ut mollitia excepturi assumenda atque eaque.', 634, 4, 24, 3, '2018-07-13 07:16:57', '2018-07-13 07:16:57'),
(6, 'Floyd Cronin MD', 'Beatae aspernatur corrupti sed quo. Corporis aut assumenda voluptate dignissimos distinctio ea quae. Eius iste voluptatem ut perspiciatis. Vitae vero minima omnis sunt et.', 638, 7, 8, 4, '2018-07-13 07:16:57', '2018-07-13 07:16:57'),
(7, 'Candice Weissnat', 'Facere qui odio saepe labore et sint sint. Quasi sit autem et magni rerum. Voluptas est pariatur qui quia quos numquam voluptatibus. Sequi fuga aut sunt officia.', 501, 4, 24, 5, '2018-07-13 07:16:57', '2018-07-13 07:16:57'),
(8, 'Prof. Joey Friesen', 'Minima enim autem repellat sit. Officia debitis accusantium voluptates vel deleniti numquam. Ea amet earum eos nam modi ut nisi.', 634, 6, 4, 3, '2018-07-13 07:16:57', '2018-07-13 07:16:57'),
(9, 'Mrs. Janice Schultz', 'Quidem quae deleniti neque quibusdam. Sit ea rerum optio reiciendis harum est.', 845, 9, 25, 5, '2018-07-13 07:16:57', '2018-07-13 07:16:57'),
(10, 'Delia Champlin', 'Expedita at id architecto architecto ducimus. Ad et similique quidem voluptates enim magnam. Ullam repellat vel molestiae qui quia animi. Non quia ea eos eum nisi provident omnis deleniti.', 251, 0, 30, 3, '2018-07-13 07:16:57', '2018-07-13 07:16:57'),
(11, 'Mr. Jettie Labadie DDS', 'In provident et voluptas repellat. Quas nobis beatae est aliquam voluptates. Aut assumenda ex odit unde aut. Iusto quo ut ipsa alias quaerat.', 988, 5, 9, 3, '2018-07-13 07:16:58', '2018-07-13 07:16:58'),
(12, 'Ms. Kayli Corwin', 'Quam voluptatibus odio fugit natus porro ut ut. Et vero consequatur qui ratione atque earum debitis illo. Vero beatae dolorum eos qui aspernatur aut.', 265, 1, 20, 5, '2018-07-13 07:16:58', '2018-07-13 07:16:58'),
(13, 'Willa Pfeffer', 'Et quasi vel expedita. In quibusdam quae eum est quod. Provident non quo tenetur deleniti veritatis ipsum itaque.', 206, 2, 21, 2, '2018-07-13 07:16:58', '2018-07-13 07:16:58'),
(14, 'Vergie Ebert', 'Ut ipsum incidunt facilis voluptatem. Eligendi molestias est numquam illum ipsum et cupiditate. Voluptatibus consectetur inventore eaque quas odit consequatur quae. Nobis velit hic eaque quos debitis non aperiam.', 171, 3, 16, 1, '2018-07-13 07:16:58', '2018-07-13 07:16:58'),
(15, 'Prof. Arnoldo Rutherford Jr.', 'Exercitationem qui modi impedit et sequi placeat. Dolorem molestiae in id et ut.', 785, 5, 4, 3, '2018-07-13 07:16:58', '2018-07-13 07:16:58'),
(16, 'Dr. Nakia Kunde', 'Nisi sit exercitationem molestias fugiat maiores odit et. Id nulla natus illum nobis sed aut est. Qui atque nesciunt optio officia ut repellat quo.', 519, 9, 2, 1, '2018-07-13 07:16:58', '2018-07-13 07:16:58'),
(17, 'Mr. Freddy Ward Jr.', 'Perspiciatis sed mollitia sapiente illo architecto modi. Ullam enim sunt ad. Atque aliquid quidem dolor.', 623, 4, 18, 5, '2018-07-13 07:16:58', '2018-07-13 07:16:58'),
(18, 'Adelle Ebert', 'Et fuga omnis eaque harum unde iste non. Voluptatem quas aliquid deserunt accusantium. Commodi reprehenderit ut ut quo sed consequatur qui tenetur. Ea facilis ut inventore necessitatibus quia necessitatibus molestias.', 888, 8, 21, 5, '2018-07-13 07:16:58', '2018-07-13 07:16:58'),
(19, 'Miss Eldora Torphy Jr.', 'Sit est non qui totam. Molestiae aut officia dolorem. Illum quaerat in nobis ipsa sed.', 877, 8, 18, 1, '2018-07-13 07:16:58', '2018-07-13 07:16:58'),
(20, 'Kailee Schneider', 'Recusandae optio enim consequatur. Alias eaque velit deserunt odit voluptatem mollitia. Voluptas natus voluptatem corrupti quo. Reiciendis voluptas et voluptatem accusantium quis.', 953, 9, 6, 2, '2018-07-13 07:16:58', '2018-07-13 07:16:58'),
(21, 'Brown Stroman', 'Esse repellendus odio eos rerum laboriosam odit sit. Natus adipisci quasi quibusdam. Dolorum atque a labore expedita non. Eveniet voluptas recusandae est sit possimus ex et. Tempora et reiciendis amet labore illo reprehenderit neque.', 818, 8, 30, 3, '2018-07-13 07:16:58', '2018-07-13 07:16:58'),
(22, 'Lucius Feeney', 'Exercitationem reiciendis officia in et. Sed illo impedit dolores perspiciatis omnis. Illum quis libero cum consequatur deserunt quae ad.', 451, 9, 22, 2, '2018-07-13 07:16:58', '2018-07-13 07:16:58'),
(23, 'Dr. Ed Smith', 'Odio in vel exercitationem aut earum ut. Tempora temporibus doloremque esse architecto odio odio fuga voluptatem. A porro fugit est unde architecto vero.', 452, 4, 5, 4, '2018-07-13 07:16:58', '2018-07-13 07:16:58'),
(24, 'Mrs. Carley Graham I', 'Occaecati ducimus quasi doloremque et. Asperiores iste debitis dolores ut voluptate maiores distinctio. Non quo rerum ut tempora aperiam et ullam. Ut omnis consectetur nam.', 214, 2, 28, 2, '2018-07-13 07:16:58', '2018-07-13 07:16:58'),
(25, 'Ludie Boyer', 'Quia tempore eius voluptatibus. Voluptatum reiciendis vel et assumenda unde voluptatem sit. Aperiam sit suscipit repellendus. Dolore et voluptate iusto blanditiis deleniti voluptas ipsam possimus.', 112, 7, 28, 3, '2018-07-13 07:16:58', '2018-07-13 07:16:58'),
(26, 'Chadd Rempel MD', 'Reiciendis fugit sint vero aut. Et tempora dolores ea assumenda ipsum dolores veritatis. Libero fugiat ea et. Molestiae voluptatibus architecto dicta sed qui natus.', 922, 5, 23, 5, '2018-07-13 07:16:58', '2018-07-13 07:16:58'),
(27, 'Dr. Kenny Nienow', 'Quia ut modi sit veritatis ratione ducimus modi. Qui cupiditate vero aliquid quidem accusantium nesciunt. Ipsum animi accusantium et quisquam dolor. Praesentium laboriosam nisi dolorem voluptatem sit rerum dolore.', 772, 8, 6, 1, '2018-07-13 07:16:58', '2018-07-13 07:16:58'),
(28, 'Peyton Ruecker', 'Accusantium ut ipsa accusamus nihil at modi maiores. Sit enim ad et veritatis autem placeat libero. Odit consequuntur quam cupiditate repudiandae facilis.', 169, 6, 20, 1, '2018-07-13 07:16:58', '2018-07-13 07:16:58'),
(29, 'Miss Caterina Stokes', 'Iste commodi omnis vero quis ut. Ipsum et voluptate dolorem sit. Magni cumque voluptas praesentium sed est odit et.', 209, 5, 16, 2, '2018-07-13 07:16:58', '2018-07-13 07:16:58'),
(30, 'Cleora Gulgowski', 'Sequi fugit optio et quam distinctio. Fugiat in sint molestiae dolores iure magni aut repellat. Dolores in fugiat sunt dolore ea. Et non quaerat consequatur a velit aspernatur.', 278, 6, 23, 5, '2018-07-13 07:16:58', '2018-07-13 07:16:58'),
(31, 'Ms. Eloise Rice Sr.', 'Est occaecati exercitationem culpa nisi tenetur suscipit aut. Eum a quae omnis pariatur. Facilis perferendis officiis exercitationem impedit et et.', 731, 4, 2, 3, '2018-07-13 07:16:58', '2018-07-13 07:16:58'),
(32, 'Darron Sawayn', 'Eaque error consequatur consequatur et sit error saepe. Ullam fugiat ad quia perspiciatis quos adipisci. Dolores eius in molestias.', 837, 0, 7, 2, '2018-07-13 07:16:58', '2018-07-13 07:16:58'),
(33, 'Mr. Mohammed Swaniawski III', 'Sed culpa quos repellendus consectetur. Illo vel laboriosam amet eaque voluptatem nam reiciendis. Omnis tempora ex neque perferendis ullam.', 749, 0, 25, 4, '2018-07-13 07:16:58', '2018-07-13 07:16:58'),
(34, 'Kaylah Wunsch', 'Voluptatem voluptates quod architecto quidem occaecati. Esse ut voluptatem quia temporibus. Qui saepe labore saepe est. Vitae doloremque impedit nihil et.', 215, 3, 9, 3, '2018-07-13 07:16:58', '2018-07-13 07:16:58'),
(35, 'Yasmin Oberbrunner', 'Qui quis at quas recusandae ut esse omnis. Et quod odit velit quos fugit omnis magnam. Doloribus dolores non sint quis. Tempora similique expedita facilis omnis quis dolor nihil. Facilis ipsam quos nihil.', 428, 3, 8, 1, '2018-07-13 07:16:58', '2018-07-13 07:16:58'),
(36, 'Edna Berge', 'Et nam nesciunt voluptas. Nostrum rem et perferendis aliquam ipsum autem. Quod soluta inventore voluptate voluptas. Adipisci dolorem quasi velit quibusdam architecto. Dolores quaerat corrupti id non sequi aut.', 488, 6, 15, 1, '2018-07-13 07:16:58', '2018-07-13 07:16:58'),
(37, 'Leann Willms', 'Dolorem optio nemo iste dolor fuga molestiae tempore. Voluptas doloremque voluptate nesciunt porro. Dolores et blanditiis rerum magni. Quibusdam exercitationem illum aut laudantium explicabo. Libero occaecati magnam laboriosam ipsum.', 723, 2, 9, 1, '2018-07-13 07:16:58', '2018-07-13 07:16:58'),
(38, 'Dannie Orn', 'Eum ullam autem rerum nesciunt inventore. Rerum temporibus assumenda delectus minima qui non ut. Delectus totam ab nobis deserunt ut aliquam est.', 564, 0, 29, 5, '2018-07-13 07:16:58', '2018-07-13 07:16:58'),
(39, 'Domenic Stamm III', 'Quis hic et deleniti ullam. Maxime sint iste voluptas est incidunt qui. Dolores cum minus fuga pariatur recusandae incidunt.', 410, 2, 30, 1, '2018-07-13 07:16:58', '2018-07-13 07:16:58'),
(40, 'Howard Hayes', 'Explicabo delectus aliquam cupiditate. Sint excepturi consequuntur quod ut eveniet culpa temporibus. Similique aut quos ea dolorum dolores quaerat. Similique perspiciatis est est molestiae dolorem inventore.', 346, 7, 22, 2, '2018-07-13 07:16:58', '2018-07-13 07:16:58'),
(41, 'Casandra Hegmann', 'Animi nihil qui eveniet nihil. Nam consectetur a aut quasi ut. Voluptatum quod et fuga necessitatibus eaque harum qui. Sunt in tempore sit.', 926, 8, 6, 4, '2018-07-13 07:16:58', '2018-07-13 07:16:58'),
(42, 'Noemie Watsica', 'Id earum ut quos voluptatem accusantium at. Ut error et voluptatem dolorem natus iusto. Dignissimos distinctio alias in eaque et modi.', 880, 7, 14, 5, '2018-07-13 07:16:58', '2018-07-13 07:16:58'),
(43, 'Prof. Gardner Ferry', 'Quis aspernatur atque qui est officiis. Corporis aspernatur eos iusto et voluptatibus dolorem. Quam quia laboriosam sit officia occaecati voluptatem eos.', 456, 9, 2, 5, '2018-07-13 07:16:58', '2018-07-13 07:16:58'),
(44, 'Chase D\'Amore', 'Error quo voluptas dolorum aut voluptatem voluptatem quos facilis. Officiis qui occaecati exercitationem non. Officiis rem temporibus odio animi fuga.', 628, 2, 3, 3, '2018-07-13 07:16:58', '2018-07-13 07:16:58'),
(45, 'Maye Aufderhar PhD', 'Est ea consequatur et ad sunt deleniti. Voluptatem labore voluptates culpa nisi eius aspernatur vel. Sapiente est saepe quos et consectetur. Cum et dolore eos eveniet voluptas dolore nihil at. Non aut deleniti est deleniti et.', 959, 7, 21, 4, '2018-07-13 07:16:58', '2018-07-13 07:16:58'),
(46, 'Prof. Marie Cormier PhD', 'Cum dolorum sed repellendus minima. Et repellendus qui harum et consequatur. In ratione minima est velit iste. Dolores nemo blanditiis quibusdam modi. Blanditiis ut laudantium quod odio minima.', 973, 5, 30, 1, '2018-07-13 07:16:58', '2018-07-13 07:16:58'),
(47, 'Miss Evie Kihn PhD', 'Sit quasi quisquam sint atque ut et ipsa. Quo ut ducimus tempora dolorem ullam eos veniam enim. Est et quia rem et. Id cum assumenda laborum et.', 757, 2, 20, 1, '2018-07-13 07:16:58', '2018-07-13 07:16:58'),
(48, 'Deshawn Runte', 'Quas aut quibusdam est labore corrupti eligendi occaecati voluptas. Repellat optio id eveniet doloremque. Sapiente eos quis consequatur eligendi ut.', 549, 3, 15, 2, '2018-07-13 07:16:58', '2018-07-13 07:16:58'),
(49, 'Joan Ferry PhD', 'Laudantium quis dolorum earum sed molestiae rem. Incidunt sit sint eos nesciunt laborum. Voluptatem sed rerum cumque molestias voluptas.', 709, 0, 22, 3, '2018-07-13 07:16:58', '2018-07-13 07:16:58'),
(50, 'Prof. Cristobal Stanton DDS', 'Eum voluptatibus amet amet et quas mollitia voluptatum. Non maiores et necessitatibus cum blanditiis. Dolorem dolor similique vel occaecati nulla nesciunt quos. Neque magnam cum voluptates unde inventore non et.', 385, 2, 21, 2, '2018-07-13 07:16:58', '2018-07-13 07:16:58'),
(51, 'Iphone 8', 'Best ever phone with face ID', 100, 10, 50, 2, '2018-07-13 07:41:13', '2018-07-13 07:41:13'),
(52, 'Iphone 10', 'Best ever phone with face ID', 100, 10, 50, 2, '2018-07-13 08:12:36', '2018-07-13 08:12:36'),
(53, 'Iphone 11', 'Best ever phone with face ID', 100, 10, 50, 2, '2018-07-13 08:12:42', '2018-07-13 08:12:42'),
(54, 'Iphone 12', 'Best ever phone with face ID', 100, 10, 50, 2, '2018-07-13 08:21:04', '2018-07-13 08:21:04'),
(55, 'Iphone 12h', 'Best ever phone with face ID', 100, 10, 50, 2, '2018-07-13 08:57:02', '2018-07-13 08:57:02'),
(56, 'Iphone 12h  m', 'Best ever phone with face ID', 100, 10, 50, 2, '2018-07-13 09:06:38', '2018-07-13 09:06:38');

-- --------------------------------------------------------

--
-- Table structure for table `reviews`
--

CREATE TABLE `reviews` (
  `id` int(10) UNSIGNED NOT NULL,
  `product_id` int(10) UNSIGNED NOT NULL,
  `customer` varchar(191) COLLATE utf8mb4_unicode_ci NOT NULL,
  `review` text COLLATE utf8mb4_unicode_ci NOT NULL,
  `star` int(11) NOT NULL,
  `created_at` timestamp NULL DEFAULT NULL,
  `updated_at` timestamp NULL DEFAULT NULL
) ENGINE=InnoDB DEFAULT CHARSET=utf8mb4 COLLATE=utf8mb4_unicode_ci;

--
-- Dumping data for table `reviews`
--

INSERT INTO `reviews` (`id`, `product_id`, `customer`, `review`, `star`, `created_at`, `updated_at`) VALUES
(1, 26, 'Dr. Hermann Becker I', 'Tenetur earum temporibus fugiat ut. Qui atque et suscipit ratione. Nemo nihil veniam deleniti debitis inventore quibusdam. Voluptatum repellendus corrupti ad cum at debitis placeat. Voluptatem velit voluptas et dolore quia odit dolorum.', 3, '2018-07-13 07:16:59', '2018-07-13 07:16:59'),
(2, 39, 'Dr. Jerad Runolfsson DVM', 'Voluptates iste ipsa consequatur excepturi. Veritatis tenetur enim doloribus nihil assumenda distinctio molestiae. Totam consequuntur non quia occaecati. Doloribus saepe est officia enim illo nemo.', 2, '2018-07-13 07:16:59', '2018-07-13 07:16:59'),
(3, 27, 'Shanelle Rempel', 'Et cupiditate nesciunt commodi corrupti quia inventore hic. Dolore porro et animi. Est rerum nisi eos voluptatem eveniet. Voluptatem qui itaque autem at ut non.', 3, '2018-07-13 07:16:59', '2018-07-13 07:16:59'),
(4, 4, 'Anissa Stokes', 'Rerum illo aspernatur consequatur assumenda ipsa. Molestiae cum ut illo nisi rerum. Velit qui sed ut quo autem. Vel laboriosam tenetur et voluptates illum vitae.', 0, '2018-07-13 07:16:59', '2018-07-13 07:16:59'),
(5, 40, 'Miss Nadia Rolfson', 'Porro omnis adipisci sunt dolorum. Est ut adipisci aspernatur sunt animi sed cupiditate et. Architecto qui in perferendis ullam eos vitae. Labore odio accusantium voluptatum blanditiis id et.', 2, '2018-07-13 07:16:59', '2018-07-13 07:16:59'),
(6, 26, 'Prof. Cory Franecki DVM', 'Ipsa consequuntur et nemo. Omnis numquam omnis voluptatem aliquam totam sed voluptate. Voluptatibus voluptas autem esse repudiandae quae saepe esse.', 3, '2018-07-13 07:16:59', '2018-07-13 07:16:59'),
(7, 38, 'Mekhi Hagenes', 'Quibusdam totam sapiente et tenetur ut id nostrum. Harum doloremque aperiam odit ab. Dolores error enim voluptates optio animi quo.', 4, '2018-07-13 07:16:59', '2018-07-13 07:16:59'),
(8, 47, 'Mr. George Boyer', 'Sunt veritatis ipsa exercitationem dolorem voluptatem illum. A quis alias sit at odio aperiam temporibus. Id aut dolor et nemo.', 4, '2018-07-13 07:16:59', '2018-07-13 07:16:59'),
(9, 43, 'Dr. Damien Reynolds DVM', 'Pariatur impedit deserunt illum omnis quam. Repellendus qui at nisi. Assumenda necessitatibus autem ut ea accusantium corrupti ut sint. Culpa quibusdam voluptatem et totam adipisci quia.', 3, '2018-07-13 07:16:59', '2018-07-13 07:16:59'),
(10, 29, 'Dr. Ramiro Douglas PhD', 'Qui quibusdam vero illum veniam qui. Ullam commodi voluptatem vel sunt et architecto velit. Facilis facere ex dolor omnis velit.', 3, '2018-07-13 07:16:59', '2018-07-13 07:16:59'),
(11, 17, 'Jakob Lehner IV', 'Ut molestias occaecati cumque voluptate in. Architecto at est ut culpa aut. Qui minus repudiandae consequatur iste nulla laborum iste.', 1, '2018-07-13 07:16:59', '2018-07-13 07:16:59'),
(12, 35, 'Alessia Hessel IV', 'Distinctio omnis et ut et quisquam. Est dolor ut sequi rem aut. Soluta veritatis iure omnis nemo nisi voluptates. Voluptatum excepturi ut distinctio soluta quo ipsa debitis occaecati.', 4, '2018-07-13 07:16:59', '2018-07-13 07:16:59'),
(13, 11, 'Roman Upton', 'Sequi exercitationem nobis velit velit dicta. Blanditiis quos et eum. Amet ut quia dolore illum aut nostrum et consequatur. Assumenda a id blanditiis eaque reiciendis.', 4, '2018-07-13 07:16:59', '2018-07-13 07:16:59'),
(14, 43, 'Winfield Goodwin', 'Sapiente et suscipit dolores vel perferendis aut. Nesciunt quibusdam quibusdam excepturi magni ipsam et officia rerum. Qui rerum quidem et quos sequi nostrum iusto reprehenderit.', 0, '2018-07-13 07:16:59', '2018-07-13 07:16:59'),
(15, 8, 'Jamie Raynor', 'Eos aliquid harum minus possimus molestias. Nesciunt vero facere quia veritatis eos eligendi.', 3, '2018-07-13 07:16:59', '2018-07-13 07:16:59'),
(16, 20, 'Marcia Kautzer III', 'Est sit ut qui quia perspiciatis. Ex sed consequatur nihil nulla. Accusamus fugiat totam vitae amet. Aut repellat dolor sit quae et sit ipsum.', 0, '2018-07-13 07:16:59', '2018-07-13 07:16:59'),
(17, 18, 'Boris Crooks I', 'Eius officiis necessitatibus autem illum magni magni. Voluptatum vitae et et rerum ut. Quo voluptas non voluptatibus et rerum quas tempora et.', 4, '2018-07-13 07:16:59', '2018-07-13 07:16:59'),
(18, 50, 'Mrs. Anita Jakubowski', 'Amet omnis consequatur iure saepe ab molestiae consequuntur. Nam eaque quis rerum enim rerum dignissimos. Enim ut nesciunt itaque corporis et impedit tempore. Tenetur ea dolor veritatis eius autem. Voluptas quo aut quos aliquid esse.', 4, '2018-07-13 07:16:59', '2018-07-13 07:16:59'),
(19, 43, 'Mr. Mack Steuber V', 'Deserunt non quisquam quia ipsam ad. Commodi omnis eveniet et similique assumenda assumenda. Temporibus maiores ea et officia reprehenderit dolorem. Sed enim architecto ut vitae nam dignissimos facere eum. Ipsum eligendi eum voluptatibus voluptas.', 5, '2018-07-13 07:16:59', '2018-07-13 07:16:59'),
(20, 9, 'Miss Kylie McCullough PhD', 'Totam sint quod natus animi voluptas. Assumenda accusantium ea aut architecto voluptate non. Laboriosam et id iure vitae et. Doloremque sunt sint laborum.', 5, '2018-07-13 07:16:59', '2018-07-13 07:16:59'),
(21, 27, 'Ciara Dibbert', 'Rerum reprehenderit ipsam dolores perspiciatis nostrum. Ab enim et molestiae consequatur et. Deleniti ratione sunt autem provident earum nihil ducimus. Inventore ex facilis eveniet doloribus est.', 1, '2018-07-13 07:16:59', '2018-07-13 07:16:59'),
(22, 32, 'Prof. Efren Carroll', 'Totam quidem recusandae voluptate doloremque et voluptatem tenetur. Quia officia vel totam et. Aliquid occaecati eum eius quidem sunt voluptatibus quidem. Quis praesentium quisquam qui et impedit labore.', 0, '2018-07-13 07:16:59', '2018-07-13 07:16:59'),
(23, 15, 'Nayeli Runolfsdottir V', 'Qui voluptas aperiam mollitia quasi exercitationem. Molestiae facilis provident et veritatis veritatis. Rerum est reiciendis aut ipsam adipisci omnis qui. Et quae nesciunt adipisci dolor voluptas laborum.', 3, '2018-07-13 07:16:59', '2018-07-13 07:16:59'),
(24, 37, 'Abdiel Shanahan', 'Necessitatibus architecto minima maxime qui quaerat et. Hic distinctio cum impedit sunt.', 4, '2018-07-13 07:16:59', '2018-07-13 07:16:59'),
(25, 29, 'Blaze Bayer', 'Soluta aliquam eos adipisci. Enim doloremque officiis ipsa recusandae ut sed ea voluptatum. Non dolore sit repellat id perferendis ut non. Nam sed asperiores repudiandae voluptate placeat est.', 5, '2018-07-13 07:16:59', '2018-07-13 07:16:59'),
(26, 1, 'Alexys Boyle', 'Est ratione nisi qui. Eum illum voluptatem necessitatibus error quia omnis harum. Porro harum et veritatis aliquam aut.', 1, '2018-07-13 07:16:59', '2018-07-13 07:16:59'),
(27, 40, 'Josefina Dicki Jr.', 'Suscipit nesciunt dolorem consequatur doloremque. Rerum repellat delectus consequatur architecto voluptatem molestias cum. Esse aut voluptatem repellat ea qui maiores.', 5, '2018-07-13 07:16:59', '2018-07-13 07:16:59'),
(28, 18, 'Lemuel Cassin', 'Adipisci et nisi magnam nobis natus doloribus. Et possimus id consequuntur id saepe rerum fugit. Sunt consequatur ut aut ducimus quis aliquid qui qui. Voluptas ea corrupti laudantium eum. Distinctio ipsum et maxime nesciunt facilis ea.', 2, '2018-07-13 07:16:59', '2018-07-13 07:16:59'),
(29, 33, 'Brown Metz Sr.', 'Exercitationem laudantium sed occaecati dolorem. Eligendi earum magni neque aperiam repellendus voluptatum architecto.', 3, '2018-07-13 07:16:59', '2018-07-13 07:16:59'),
(30, 32, 'Cleve Rippin', 'Vitae atque reiciendis et esse voluptate. Deserunt ipsum error officiis. Consequatur facere sint delectus magni modi perspiciatis atque. Molestiae aut soluta adipisci at.', 1, '2018-07-13 07:16:59', '2018-07-13 07:16:59'),
(31, 15, 'Morgan Lindgren', 'Veritatis deleniti tempore et sunt dolores neque natus. Explicabo sunt eveniet asperiores sunt aut. Tenetur enim nobis saepe et. Quisquam autem totam rerum aperiam nostrum. Fugit est vero voluptas occaecati suscipit similique.', 4, '2018-07-13 07:16:59', '2018-07-13 07:16:59'),
(32, 23, 'Wilfredo Jacobi V', 'Dolor est suscipit odit magnam minima. Eos ex doloribus aperiam saepe commodi. Voluptate doloremque aut placeat. Rem asperiores facilis similique dolor qui incidunt.', 0, '2018-07-13 07:16:59', '2018-07-13 07:16:59'),
(33, 36, 'Katelin Nader', 'Cupiditate modi qui sint debitis libero ducimus a assumenda. Ipsam et voluptatem minima et aperiam vel voluptatem. Qui eos cum quidem fuga natus reiciendis occaecati consequatur.', 2, '2018-07-13 07:16:59', '2018-07-13 07:16:59'),
(34, 27, 'Leif Dibbert', 'Voluptates iure modi praesentium tempore nam atque. Ut quo omnis fugit explicabo est ipsam. Corporis eligendi iusto sit tenetur minus animi laboriosam.', 3, '2018-07-13 07:16:59', '2018-07-13 07:16:59'),
(35, 15, 'Mrs. Marcelina Nitzsche IV', 'Qui quis at nemo optio quo atque dolores. Asperiores perferendis quibusdam odit placeat velit quae. Architecto omnis dolor et nihil. Maiores omnis quia voluptatem nesciunt deleniti.', 1, '2018-07-13 07:16:59', '2018-07-13 07:16:59'),
(36, 21, 'Casimer Altenwerth', 'Aut sint repellat aspernatur perferendis. Atque deserunt perferendis similique totam molestiae maxime ab. Natus ut cumque doloremque qui dignissimos ipsa. Dicta nisi recusandae suscipit eos assumenda. Voluptatem optio non expedita veritatis eius.', 5, '2018-07-13 07:16:59', '2018-07-13 07:16:59'),
(37, 23, 'Jacinto Sipes', 'Rerum aut cumque autem et voluptatibus ea. Ullam recusandae aliquam ratione voluptas quod. Est eum error nobis suscipit cupiditate ipsum amet iusto. Quis quae nesciunt mollitia similique.', 0, '2018-07-13 07:17:00', '2018-07-13 07:17:00'),
(38, 21, 'Antoinette Keebler III', 'Placeat a vitae odio animi. Dolor sed at consectetur accusantium. Est est alias exercitationem provident sequi.', 5, '2018-07-13 07:17:00', '2018-07-13 07:17:00'),
(39, 15, 'Minerva Hettinger II', 'Repellat nulla veritatis non ea. Id corporis unde voluptas earum quas nobis similique. Necessitatibus a amet porro rerum earum beatae et.', 3, '2018-07-13 07:17:00', '2018-07-13 07:17:00'),
(40, 47, 'Evan Klein', 'Minus illum voluptatem optio aut. Praesentium sit in placeat quia. Magni quo itaque sint non culpa necessitatibus voluptatem. Accusantium eius eaque labore est.', 0, '2018-07-13 07:17:00', '2018-07-13 07:17:00'),
(41, 10, 'Hassan Durgan', 'Laborum saepe qui rerum officiis dolorem. Cum consequatur soluta numquam et. Corporis est officia officiis sapiente assumenda blanditiis nisi non. Molestiae nihil odit sit perspiciatis. Qui ea sint at.', 4, '2018-07-13 07:17:00', '2018-07-13 07:17:00'),
(42, 43, 'Prof. Harold Rolfson DVM', 'Natus voluptatem rem et eligendi dolorum aut soluta ut. Voluptas sunt aperiam totam repellat voluptas odio soluta.', 5, '2018-07-13 07:17:00', '2018-07-13 07:17:00'),
(43, 15, 'Bettye Schinner DVM', 'Accusamus sed vitae distinctio qui similique incidunt. Aut quia earum officiis non ut. Et eius consequatur dolor ea repudiandae nam quia ut. Repellendus iusto asperiores accusamus est qui ipsum.', 1, '2018-07-13 07:17:00', '2018-07-13 07:17:00'),
(44, 38, 'Prof. Bernardo Schmidt IV', 'Nam facere eveniet delectus. Perferendis nisi provident aut et rerum aut cum. Et dolores accusamus consequatur delectus. Et dolorem at sint ipsum totam. Dolorem temporibus consequatur voluptatibus deleniti cumque dicta vitae.', 5, '2018-07-13 07:17:00', '2018-07-13 07:17:00'),
(45, 18, 'Miss Taryn Breitenberg I', 'Temporibus quas rem id omnis. Reprehenderit et minus atque velit. Tenetur fuga suscipit quis quia voluptatum.', 5, '2018-07-13 07:17:00', '2018-07-13 07:17:00'),
(46, 43, 'Dr. Sydney Rutherford', 'Aspernatur sed consequuntur ut. Velit ut est autem tempore laboriosam ut. Alias recusandae non reprehenderit reiciendis.', 5, '2018-07-13 07:17:00', '2018-07-13 07:17:00'),
(47, 17, 'Aida Herzog', 'Itaque veritatis doloribus et ut dolor voluptatem dolores. Quae beatae sunt voluptatibus. Voluptate fugit architecto beatae et aut. Amet exercitationem animi odio modi quae.', 3, '2018-07-13 07:17:00', '2018-07-13 07:17:00'),
(48, 23, 'Ms. Adell Nicolas DDS', 'Pariatur ut eos veniam laboriosam. Ut exercitationem sed iusto assumenda. Assumenda est qui voluptatibus ducimus voluptatem nam dolorum.', 1, '2018-07-13 07:17:00', '2018-07-13 07:17:00'),
(49, 45, 'Prof. Avis Bednar', 'Labore aperiam hic perferendis voluptatum voluptatibus id. Quas fugit doloremque cum laudantium ipsum eum et. Ullam ea voluptatem labore et. Vitae maiores illo id reiciendis.', 2, '2018-07-13 07:17:00', '2018-07-13 07:17:00'),
(50, 28, 'Mr. Walter Auer Jr.', 'Voluptas sed iste voluptatem perspiciatis eos sit architecto maxime. Sint aspernatur aspernatur consequatur provident. Architecto eius fuga porro in et et sequi. Beatae alias pariatur voluptas laudantium eos error.', 4, '2018-07-13 07:17:00', '2018-07-13 07:17:00'),
(51, 10, 'Miss Jessyca Welch V', 'Voluptas vero iure laborum sunt. Perspiciatis delectus possimus voluptas consequatur voluptate natus aut. Dolorum nam unde minima ut voluptatum. Porro cumque ipsum quam molestiae.', 4, '2018-07-13 07:17:00', '2018-07-13 07:17:00'),
(52, 45, 'Lucas Carroll', 'Iste sint architecto autem ullam. Iure reiciendis ut amet quas voluptatem. Esse harum id deserunt qui. Ut quia placeat dignissimos blanditiis aliquam qui animi.', 2, '2018-07-13 07:17:00', '2018-07-13 07:17:00'),
(53, 30, 'Aurore Borer', 'Doloremque quos error aut ullam neque. Non modi est rerum maiores et expedita beatae. Quos quo qui est fugiat eum laudantium.', 2, '2018-07-13 07:17:00', '2018-07-13 07:17:00'),
(54, 3, 'Mrs. Mazie Wiegand DVM', 'Impedit voluptatum ea quo inventore iure distinctio. Eum quis rem ut. Autem aspernatur voluptatem ut enim sed saepe est voluptatibus. Molestiae non atque deleniti voluptates qui fugiat.', 2, '2018-07-13 07:17:00', '2018-07-13 07:17:00'),
(55, 40, 'Marlin Hane', 'Praesentium praesentium dolorum voluptas ab qui id. Et accusantium minima ut labore dolores eos molestias quas. Qui labore est ut.', 0, '2018-07-13 07:17:00', '2018-07-13 07:17:00'),
(56, 8, 'Laverna Littel Sr.', 'Aut et atque dolorem molestiae et quibusdam expedita quos. Impedit fugit vitae doloribus perferendis veritatis. Et consequatur sint et omnis quam ab eius.', 3, '2018-07-13 07:17:00', '2018-07-13 07:17:00'),
(57, 11, 'Prof. Ursula Tromp III', 'Eius debitis voluptatibus sint vel cum iusto. Nam et accusamus non neque inventore. Enim et ut fugiat fugiat.', 4, '2018-07-13 07:17:00', '2018-07-13 07:17:00'),
(58, 12, 'Hoyt Larson', 'Eaque qui et est illum nisi reiciendis occaecati. Distinctio recusandae praesentium hic assumenda labore. Veniam facilis blanditiis dolorum eos. Cumque id quisquam eum quod est quia alias.', 0, '2018-07-13 07:17:00', '2018-07-13 07:17:00'),
(59, 4, 'Mrs. Luella Hudson II', 'Fuga architecto rerum omnis consectetur non. Voluptatem placeat excepturi eum temporibus accusamus pariatur. At blanditiis rem molestiae repudiandae fugiat laboriosam voluptates. Molestiae fugiat quae tenetur dolor soluta. Nobis corrupti dolorem impedit facilis qui.', 2, '2018-07-13 07:17:00', '2018-07-13 07:17:00'),
(60, 8, 'Pearline Waelchi', 'Et molestiae sunt quis qui. Consequatur rem alias corporis est et minus. Et et quisquam sit saepe quae aliquam.', 2, '2018-07-13 07:17:00', '2018-07-13 07:17:00'),
(61, 17, 'Mr. Tod Ziemann', 'Corrupti odit sint eaque debitis. Atque sed hic dolores aspernatur commodi vel non qui. Asperiores qui expedita dignissimos odit aut nobis.', 4, '2018-07-13 07:17:00', '2018-07-13 07:17:00'),
(62, 26, 'Olen Mayert', 'Ut rerum vitae laboriosam autem corrupti. Consequatur autem rerum dicta quia doloremque impedit. Veritatis ut ipsam qui. Dignissimos non dolorem possimus reprehenderit enim id maiores sint.', 4, '2018-07-13 07:17:00', '2018-07-13 07:17:00'),
(63, 44, 'Libbie Ondricka Sr.', 'Est repudiandae laborum aliquid tempora. Impedit ut nihil vero sequi corrupti saepe quibusdam neque. Ut ut aut velit perferendis. Eos cum et nesciunt.', 4, '2018-07-13 07:17:00', '2018-07-13 07:17:00'),
(64, 33, 'Lucio Johns', 'Qui rerum minima quo. Commodi similique similique quod veritatis quae minus. Est commodi corrupti neque est ad ut nisi est.', 5, '2018-07-13 07:17:00', '2018-07-13 07:17:00'),
(65, 46, 'Noemie Kohler', 'Nobis aut deserunt sed et. Nostrum asperiores omnis sequi aliquid et accusantium aut. Est illo et neque non temporibus veritatis ducimus occaecati. Quasi aut voluptatum labore similique.', 3, '2018-07-13 07:17:00', '2018-07-13 07:17:00'),
(66, 47, 'Mr. Granville Quitzon III', 'Quod quod sit necessitatibus consequatur eveniet. Et excepturi dolorum quia ex ipsam sed. Ut magni culpa cumque fugit. Rerum sed odit et hic porro.', 1, '2018-07-13 07:17:00', '2018-07-13 07:17:00'),
(67, 46, 'Hosea Herzog', 'Facere et mollitia reiciendis voluptatem nemo quidem eveniet odit. Nihil magni eum sint dolore vero aspernatur dolorum. Enim quisquam iste et.', 4, '2018-07-13 07:17:00', '2018-07-13 07:17:00'),
(68, 4, 'Rey Moen', 'Adipisci alias id quibusdam earum voluptas beatae. Rerum et reprehenderit quae adipisci voluptas. Repudiandae exercitationem quia quo cumque.', 2, '2018-07-13 07:17:00', '2018-07-13 07:17:00'),
(69, 4, 'Willa Steuber', 'Aperiam quisquam minus rem sint dolor sed mollitia modi. Neque qui porro et et distinctio. Quisquam sit incidunt dolore consectetur.', 4, '2018-07-13 07:17:00', '2018-07-13 07:17:00'),
(70, 25, 'Julie Lemke PhD', 'Voluptates qui in deserunt. Dolor a quia totam vitae excepturi et praesentium dolorem. Non consequatur sint delectus tempora est rerum totam.', 4, '2018-07-13 07:17:00', '2018-07-13 07:17:00'),
(71, 13, 'Alfredo Robel', 'Amet ea facere et hic. Dolores dolorum sunt qui ratione qui consequatur consequuntur et. Saepe aliquid repellat sit id dolorum doloremque. Velit mollitia eos quia est eaque fugiat.', 2, '2018-07-13 07:17:00', '2018-07-13 07:17:00'),
(72, 43, 'Carmelo Hamill V', 'Necessitatibus quisquam rerum iusto qui vero. A sequi eligendi minus quasi impedit. Autem quia iste ut aliquam nesciunt unde quis. Rerum laboriosam asperiores qui blanditiis. Aspernatur et et cum quaerat.', 0, '2018-07-13 07:17:00', '2018-07-13 07:17:00'),
(73, 50, 'Tom Moen', 'Ut corrupti et repellendus in in autem repellat. Nihil recusandae qui vitae. Expedita dolores mollitia praesentium consectetur voluptatem unde placeat. Ut eos animi earum velit quia.', 4, '2018-07-13 07:17:00', '2018-07-13 07:17:00'),
(74, 28, 'Ralph Dickens', 'Ad perferendis nihil possimus ut rem dolor. Incidunt natus sunt deserunt. Nesciunt illum repudiandae nam.', 1, '2018-07-13 07:17:00', '2018-07-13 07:17:00'),
(75, 15, 'Lesly Ziemann V', 'Libero nulla illum voluptatem eaque quia sit. Culpa minima neque recusandae aspernatur quia officiis et. Quidem quas distinctio magnam sed. Consectetur voluptatum veniam hic animi eum.', 2, '2018-07-13 07:17:00', '2018-07-13 07:17:00'),
(76, 30, 'Cicero Koss', 'Occaecati voluptates voluptatem sed ducimus adipisci illo ut nulla. Quia maxime sed tenetur sed. Accusantium quas qui ut eveniet.', 5, '2018-07-13 07:17:00', '2018-07-13 07:17:00'),
(77, 40, 'Amy Marvin', 'Iusto consequuntur maiores nulla eveniet ipsa culpa facere. Minima ipsum dolorem quidem in enim. Quo fugit ducimus et cupiditate cupiditate nostrum. Officiis est et esse aliquid.', 5, '2018-07-13 07:17:00', '2018-07-13 07:17:00'),
(78, 20, 'Liliana Conn', 'Nobis velit mollitia ipsam incidunt ipsam reiciendis qui. Est sunt maiores doloribus magnam quos inventore quia. Quis ab quam voluptatem quam adipisci. Repellendus sed vero sint magnam cupiditate.', 3, '2018-07-13 07:17:00', '2018-07-13 07:17:00'),
(79, 47, 'Mrs. Lacy Howell MD', 'Corporis ullam recusandae eos perspiciatis. Molestiae accusantium accusamus totam rerum fugit.', 0, '2018-07-13 07:17:00', '2018-07-13 07:17:00'),
(80, 30, 'Brent Kuhlman', 'Ut est minima accusamus facere voluptates aspernatur. Vero ut illum repellendus nobis iure repudiandae. Rerum sit est ut vel. Fugiat voluptate officia id quasi.', 3, '2018-07-13 07:17:00', '2018-07-13 07:17:00'),
(81, 3, 'Dr. Gisselle Wolf IV', 'Assumenda rerum consequatur dicta consectetur. Aut sit quos nihil voluptatum quia. Eius fugit officiis incidunt et. Quae fuga cum quo et quis sint incidunt.', 5, '2018-07-13 07:17:00', '2018-07-13 07:17:00'),
(82, 38, 'Prof. Itzel Russel', 'Aut velit voluptate occaecati corrupti labore. Quidem suscipit harum repellendus ut. Placeat enim cum velit ipsum molestiae. Aut eaque est vel.', 1, '2018-07-13 07:17:00', '2018-07-13 07:17:00'),
(83, 34, 'Dr. Laurel Gerhold', 'At repellat assumenda est ullam enim. Ut beatae deserunt placeat rerum. Soluta qui eos et est.', 4, '2018-07-13 07:17:00', '2018-07-13 07:17:00'),
(84, 16, 'Cullen Borer', 'Rerum ut debitis repudiandae magnam id quasi officia. Tempore qui quis corrupti sit et asperiores. Explicabo natus eum pariatur nihil.', 1, '2018-07-13 07:17:00', '2018-07-13 07:17:00'),
(85, 21, 'Alexandro Wilderman', 'Et id et perspiciatis ut vitae qui. Ipsum fuga sapiente commodi officia molestiae laborum aliquid. Natus nostrum est eum deserunt qui. Aut velit temporibus architecto voluptas.', 3, '2018-07-13 07:17:00', '2018-07-13 07:17:00'),
(86, 10, 'Abagail Schaefer V', 'Cumque voluptatem et aperiam inventore eius delectus. Quis quia nulla natus accusantium harum facere voluptatem. Veniam molestiae voluptates quia cumque. Dolores non dolor sit quidem nobis exercitationem. Ut culpa nihil fugiat inventore consequatur aspernatur consequatur.', 3, '2018-07-13 07:17:00', '2018-07-13 07:17:00'),
(87, 33, 'Myrtle Pacocha', 'Qui consequuntur dignissimos rem architecto dolorem atque. Nobis debitis harum totam et nemo. Vitae tenetur distinctio facilis optio ex.', 2, '2018-07-13 07:17:00', '2018-07-13 07:17:00'),
(88, 19, 'Prof. Roselyn Turner V', 'Et aspernatur temporibus necessitatibus dolore. Porro et velit dolore quia. Eaque vel minus at vitae libero suscipit. Enim voluptas voluptatem reprehenderit.', 3, '2018-07-13 07:17:00', '2018-07-13 07:17:00'),
(89, 24, 'Domenico Koch', 'Quam minima aliquam et aut ut perferendis mollitia. Consequuntur aut magni dicta odio. Eum dolores quae ut tempore. Quo provident laboriosam sit laudantium. A at cum voluptas qui sint odio cum maxime.', 4, '2018-07-13 07:17:00', '2018-07-13 07:17:00'),
(90, 21, 'Dena Welch', 'Possimus et non delectus quos accusamus quis et. Nemo temporibus repellat perspiciatis id et. Reiciendis repellat tempora expedita ad blanditiis. Quaerat aut quis exercitationem laborum nihil.', 4, '2018-07-13 07:17:00', '2018-07-13 07:17:00'),
(91, 12, 'Jerome Ankunding V', 'Suscipit quibusdam iusto eligendi. Ea est laudantium minus porro.', 2, '2018-07-13 07:17:00', '2018-07-13 07:17:00'),
(92, 27, 'Tanya Dach', 'Temporibus voluptatem eveniet sed qui ut. Fuga ex nemo doloremque est voluptas. Incidunt quis praesentium quaerat ipsam. Excepturi harum tempora deserunt.', 3, '2018-07-13 07:17:00', '2018-07-13 07:17:00'),
(93, 16, 'Jaylen Turner', 'Odio iusto voluptatum fuga dolore saepe. Natus nostrum voluptatem illo eos odit sint temporibus. Quas eum a et sit. Id est porro quae ullam nihil vel esse.', 2, '2018-07-13 07:17:00', '2018-07-13 07:17:00'),
(94, 26, 'Hollie Bashirian', 'Sit velit repudiandae voluptate corporis. Minus id qui voluptate ut aut in omnis necessitatibus. Sapiente consequuntur inventore facilis deleniti alias quae omnis. Dolorem aspernatur cupiditate quaerat repellendus reiciendis.', 1, '2018-07-13 07:17:00', '2018-07-13 07:17:00'),
(95, 28, 'Serenity Nienow Sr.', 'Fugit repellendus harum facilis voluptates inventore. Illo eos doloribus sed reiciendis amet omnis. Nulla sint ea omnis molestiae quasi laboriosam dolores quia.', 4, '2018-07-13 07:17:00', '2018-07-13 07:17:00'),
(96, 40, 'Prof. Cindy Conn', 'Corrupti odit qui incidunt nam quo quo et. Officiis officia magnam sunt et necessitatibus laborum quis qui. Ut dolorem libero voluptas et omnis. Rem dignissimos dolor voluptates fugit quod quaerat quasi.', 1, '2018-07-13 07:17:00', '2018-07-13 07:17:00'),
(97, 45, 'Prof. Jameson Gibson IV', 'Voluptatem non placeat totam. Dolores sapiente magni debitis dolore quidem. Atque error et alias numquam aspernatur dignissimos reiciendis pariatur.', 5, '2018-07-13 07:17:00', '2018-07-13 07:17:00'),
(98, 22, 'Robin Bechtelar', 'Praesentium enim voluptates temporibus labore dolores occaecati earum. Et aut sunt vel et architecto molestiae. Voluptates maiores natus praesentium veniam fugiat et.', 0, '2018-07-13 07:17:01', '2018-07-13 07:17:01'),
(99, 19, 'Prof. Clifton Batz Jr.', 'Voluptatibus nemo nihil maxime porro explicabo. Enim tenetur sint aliquid minima vitae aut ad. Aliquam ut ut necessitatibus est qui delectus necessitatibus.', 1, '2018-07-13 07:17:01', '2018-07-13 07:17:01'),
(100, 34, 'Dr. Jocelyn Mayert I', 'Et fugit quidem suscipit et aut amet animi. Eveniet cum exercitationem voluptate harum. Velit totam possimus dolores beatae non asperiores voluptatibus. Sed tempora reiciendis veniam neque ab.', 2, '2018-07-13 07:17:01', '2018-07-13 07:17:01'),
(101, 19, 'Hoyt Strosin', 'Dolorem atque id maxime aliquid rerum. Quisquam et dolorum provident eveniet dicta. Hic exercitationem architecto id rerum soluta odio. Sed aspernatur quos voluptate.', 2, '2018-07-13 07:17:01', '2018-07-13 07:17:01'),
(102, 30, 'Prof. Misael Feest I', 'Et quos eius odit aspernatur molestiae ipsa enim. Quia et eos necessitatibus sit dolores reiciendis eum. Distinctio ipsum iure magnam natus maiores qui libero id. Eos libero qui quo blanditiis ullam cupiditate debitis amet.', 4, '2018-07-13 07:17:01', '2018-07-13 07:17:01'),
(103, 34, 'Pierre Treutel', 'Aut repellat dolor officia eius. Qui voluptas quis nisi vel reprehenderit laboriosam. Et vero voluptas atque quia aut.', 4, '2018-07-13 07:17:01', '2018-07-13 07:17:01'),
(104, 29, 'Alexandria Jacobi III', 'Ratione esse expedita doloribus libero. Velit voluptatum nam laborum ut. Harum facilis dolores est magnam repellendus quos.', 4, '2018-07-13 07:17:01', '2018-07-13 07:17:01'),
(105, 9, 'Max O\'Reilly', 'Eum molestiae fugiat saepe inventore debitis qui. Quia praesentium eaque ratione dolor quasi odit officia ut. Expedita pariatur illum iusto consequatur odit voluptates sed amet. Eum omnis officia libero.', 5, '2018-07-13 07:17:01', '2018-07-13 07:17:01'),
(106, 43, 'Golden Howe', 'Doloremque illum sint quisquam temporibus dolores. Earum eum officiis illum voluptatem quos doloremque dolorem. Est incidunt velit et dolores incidunt porro rerum.', 4, '2018-07-13 07:17:01', '2018-07-13 07:17:01'),
(107, 39, 'Sunny Huels', 'Aut dolorum soluta doloribus nisi cum et nobis odit. Nesciunt est aut sint.', 4, '2018-07-13 07:17:01', '2018-07-13 07:17:01'),
(108, 42, 'Reggie Mertz', 'Totam laborum earum assumenda excepturi aut nisi magni assumenda. Qui debitis qui eaque dolorum molestias. Ea ut voluptatem vel ratione id rerum.', 1, '2018-07-13 07:17:01', '2018-07-13 07:17:01'),
(109, 33, 'Karianne Kuhn', 'Sed qui earum animi enim quisquam ea. Illum cupiditate optio in et illum ex rem. Itaque id et quasi architecto ut cumque qui. Excepturi quia eum consequatur laborum consequatur error consectetur.', 4, '2018-07-13 07:17:01', '2018-07-13 07:17:01'),
(110, 14, 'Mr. Kayleigh Walsh MD', 'Amet voluptatem consequatur ad excepturi aut natus quaerat ducimus. Eos rerum voluptatem expedita quaerat omnis mollitia. Error optio earum nisi et. Et doloribus et omnis commodi dignissimos quaerat molestiae.', 1, '2018-07-13 07:17:01', '2018-07-13 07:17:01'),
(111, 18, 'Tremayne Hills', 'Ex facere culpa aut. Quia amet dolore veniam laudantium quis qui. Labore vero vero voluptas et ipsa temporibus. Magni ut necessitatibus et temporibus excepturi.', 3, '2018-07-13 07:17:01', '2018-07-13 07:17:01'),
(112, 29, 'Ms. Eugenia Auer I', 'Ab similique iusto omnis. Vel aperiam et velit suscipit ut ut. Doloribus veritatis amet corrupti voluptatem consequatur vero sed. Veniam quia expedita laboriosam modi voluptatem veniam consectetur.', 1, '2018-07-13 07:17:01', '2018-07-13 07:17:01'),
(113, 47, 'Travon Bradtke', 'Et nobis impedit omnis error. Omnis nihil labore itaque exercitationem laboriosam doloremque vel magnam. Harum et necessitatibus quia eos. Laborum temporibus ad culpa optio dolores est. Ut quo ad qui sapiente dolorem.', 5, '2018-07-13 07:17:01', '2018-07-13 07:17:01'),
(114, 1, 'Tre Sporer', 'Voluptatem in fugiat quis quasi porro quia quae voluptate. Nisi optio laboriosam suscipit quod inventore laudantium. Reprehenderit quia illo magnam autem consequatur aliquid. Natus libero odio et ut.', 2, '2018-07-13 07:17:01', '2018-07-13 07:17:01'),
(115, 32, 'Prof. Abdullah Schowalter I', 'Ea harum sed quia pariatur itaque nobis. Eum sint accusantium beatae eum deleniti. Natus doloribus asperiores quam id.', 3, '2018-07-13 07:17:01', '2018-07-13 07:17:01'),
(116, 32, 'Mrs. Elta Cole', 'Laborum quis voluptatem et placeat. Eos praesentium ipsum blanditiis repudiandae ducimus dolorem nihil. Aut molestiae est velit inventore ut. In praesentium suscipit et.', 3, '2018-07-13 07:17:01', '2018-07-13 07:17:01'),
(117, 14, 'Prof. Cordell Jacobi', 'Iure ut inventore et et quis. Nulla sed vitae quis non sed laudantium est.', 3, '2018-07-13 07:17:01', '2018-07-13 07:17:01'),
(118, 45, 'Minerva Jacobson', 'Dolor quia magni ut ut. Id saepe dolores illum aperiam ut mollitia velit. Quibusdam expedita et rem omnis hic voluptas ipsum.', 2, '2018-07-13 07:17:01', '2018-07-13 07:17:01'),
(119, 39, 'Mohamed Hauck DVM', 'Qui sapiente ea inventore qui. Ullam odit facere voluptatem voluptas qui dicta quam. Iusto voluptas consequuntur dolor qui dolor quia impedit modi. Est dolor neque non expedita eligendi.', 5, '2018-07-13 07:17:01', '2018-07-13 07:17:01'),
(120, 9, 'Prof. Georgianna Price MD', 'Explicabo impedit repellat aliquam in omnis. Facere voluptates ducimus quibusdam temporibus. Ea praesentium soluta a rem est aut.', 4, '2018-07-13 07:17:01', '2018-07-13 07:17:01'),
(121, 27, 'Dr. Selmer Altenwerth II', 'Modi in aliquam blanditiis illo nesciunt impedit exercitationem. Et nisi repellat quibusdam minima optio ut. Odio distinctio incidunt omnis sunt.', 1, '2018-07-13 07:17:01', '2018-07-13 07:17:01'),
(122, 39, 'Eriberto Hodkiewicz Jr.', 'Id sint optio numquam consectetur sed voluptatibus libero. Rerum voluptatem aut ipsa quod est et nobis. Cum consequatur rerum omnis doloribus quo soluta aliquid ipsum. Quia ullam atque nam ea doloribus reprehenderit labore.', 5, '2018-07-13 07:17:01', '2018-07-13 07:17:01'),
(123, 32, 'Cary Bogisich', 'Sit quo at aliquid reprehenderit et dolore magni est. Amet similique et optio velit officiis nobis impedit.', 4, '2018-07-13 07:17:01', '2018-07-13 07:17:01'),
(124, 50, 'Kirsten Price', 'Qui non vel a modi ipsum. Eius doloribus sunt ullam saepe.', 3, '2018-07-13 07:17:01', '2018-07-13 07:17:01'),
(125, 32, 'Elise Smitham IV', 'Totam ut animi animi voluptatibus et et dolorum nesciunt. Distinctio sequi nulla voluptatem. Blanditiis ratione dignissimos consequatur sed. Nostrum minus vel ut ipsam consequatur.', 4, '2018-07-13 07:17:01', '2018-07-13 07:17:01'),
(126, 41, 'Keven Beatty', 'Quae vitae voluptate eveniet est facere. Vero enim beatae qui animi voluptas molestiae deserunt est. Sint est ut iure placeat voluptas distinctio ut. Labore officiis iste neque ex repellendus fugiat dicta.', 0, '2018-07-13 07:17:01', '2018-07-13 07:17:01'),
(127, 1, 'Frederick Purdy Jr.', 'Aut accusamus aliquam architecto repellendus soluta voluptas. Omnis voluptatem voluptas quia quam tenetur nesciunt esse. Et eius blanditiis et iusto sed qui. Nihil qui ut repellat sit voluptatum distinctio rerum. Adipisci magni soluta temporibus amet hic vero.', 1, '2018-07-13 07:17:01', '2018-07-13 07:17:01'),
(128, 39, 'Kiel Stoltenberg', 'Ipsum ducimus qui eveniet omnis consequatur esse pariatur quia. Fugiat doloribus quas iure suscipit. Qui voluptatem adipisci est quasi.', 5, '2018-07-13 07:17:01', '2018-07-13 07:17:01'),
(129, 36, 'Arnaldo Cronin', 'Et illo recusandae sequi a. Dolorem suscipit minus in alias dolorem modi exercitationem.', 1, '2018-07-13 07:17:01', '2018-07-13 07:17:01'),
(130, 48, 'Prof. Willa Hilpert', 'Sed facilis enim fuga. Quia assumenda suscipit aliquid sint illum. Quia voluptatibus debitis ex saepe quo.', 4, '2018-07-13 07:17:01', '2018-07-13 07:17:01'),
(131, 35, 'Mr. Forest Carroll II', 'Vel eos consequatur vel laudantium et est est. Possimus accusantium fugiat cum quas. In incidunt sed illum totam. Consequatur ab vel odit est architecto tenetur.', 4, '2018-07-13 07:17:01', '2018-07-13 07:17:01'),
(132, 35, 'Blake Wisozk Jr.', 'Sunt cupiditate consectetur autem laborum blanditiis rerum ipsa autem. Quaerat quas dolorem velit delectus doloremque ea. Aut corporis ut blanditiis occaecati rerum et. Odit sint quia in veniam reiciendis eos occaecati.', 0, '2018-07-13 07:17:01', '2018-07-13 07:17:01'),
(133, 48, 'Dr. Alison Williamson III', 'Quo deleniti voluptate aut voluptate amet ut maxime itaque. Quam ex quidem qui velit.', 3, '2018-07-13 07:17:01', '2018-07-13 07:17:01'),
(134, 25, 'Jackson Rippin', 'Voluptate quis unde laudantium qui. Debitis quisquam similique mollitia fugit quas quos eum. Saepe quia modi quos a atque iusto numquam ullam.', 3, '2018-07-13 07:17:01', '2018-07-13 07:17:01'),
(135, 46, 'Jeffrey Bartell', 'Placeat occaecati nulla sapiente iusto accusantium. At reprehenderit eum ut cumque exercitationem rerum a. Est non non distinctio sit quia optio eveniet. Fuga numquam qui quo mollitia.', 5, '2018-07-13 07:17:01', '2018-07-13 07:17:01'),
(136, 50, 'Zachery Bradtke', 'Quisquam et exercitationem quia perferendis eligendi fuga. Repellat ullam reiciendis quia magni sequi culpa. Non fugit rerum enim minima fugiat necessitatibus fuga ipsam. Sit ad et voluptatibus nesciunt. Quos iure est accusamus quas est corporis.', 0, '2018-07-13 07:17:01', '2018-07-13 07:17:01'),
(137, 13, 'Eleazar Friesen', 'Hic cumque facilis et quod beatae suscipit. Voluptatem sequi quo ipsam facilis consequuntur esse rerum vero. Alias repellat voluptas sunt adipisci nisi. Aspernatur perspiciatis dolor provident et maiores eligendi.', 4, '2018-07-13 07:17:01', '2018-07-13 07:17:01'),
(138, 9, 'Miss Verla Fay', 'Autem perspiciatis sequi culpa et eum animi ut. Corrupti ratione et sed enim quos. Molestiae impedit voluptas non sit temporibus et tempora. Non tenetur mollitia ipsum est tempora rerum nisi.', 1, '2018-07-13 07:17:01', '2018-07-13 07:17:01'),
(139, 43, 'Julian Mayert DVM', 'Quibusdam dolor harum hic aliquam. Quia voluptatem nihil explicabo aspernatur.', 4, '2018-07-13 07:17:01', '2018-07-13 07:17:01'),
(140, 38, 'Ms. Eve Kuhn', 'Et exercitationem blanditiis dicta. Saepe aut voluptates ut aut suscipit. Est laborum mollitia dignissimos qui porro doloremque maiores.', 3, '2018-07-13 07:17:01', '2018-07-13 07:17:01'),
(141, 1, 'Arden Ziemann', 'Nam amet ut suscipit voluptatem atque. Maxime eius et nihil nesciunt fugiat dicta. Pariatur aut est labore nihil.', 3, '2018-07-13 07:17:01', '2018-07-13 07:17:01'),
(142, 46, 'Zakary Rosenbaum', 'Illum quas sit sint deserunt consequatur neque. Dolorem nobis sit consectetur odit quis explicabo rerum explicabo. Dolorum perspiciatis excepturi quod et aut ex. Quidem harum culpa ut et necessitatibus. Cum quisquam quas laboriosam et ipsam enim aut.', 0, '2018-07-13 07:17:01', '2018-07-13 07:17:01'),
(143, 9, 'Dr. Shana Zieme MD', 'Aut deserunt voluptas non consequatur. Cum pariatur suscipit delectus voluptatem eum quia aut. Et vero rem consequatur quia praesentium alias perferendis et.', 2, '2018-07-13 07:17:01', '2018-07-13 07:17:01'),
(144, 48, 'Lenny Murray', 'Illo rerum ut fugit modi aut. Nesciunt alias soluta molestiae qui. Nam qui fugit aliquid et eveniet minima laudantium quod.', 1, '2018-07-13 07:17:01', '2018-07-13 07:17:01'),
(145, 12, 'Hailee Towne', 'Tenetur quia accusamus quos non. Voluptatem velit quidem repellat deleniti voluptatem. Facilis voluptate et consectetur nisi.', 1, '2018-07-13 07:17:01', '2018-07-13 07:17:01'),
(146, 47, 'Jeffrey Auer II', 'Consequatur nesciunt vel et facere sequi ut. Repellendus cum odio quis recusandae amet. Odio aliquam dicta sunt velit atque omnis officia recusandae. Quo ratione eveniet molestias consectetur ullam explicabo sit. Aut asperiores et ex.', 3, '2018-07-13 07:17:01', '2018-07-13 07:17:01'),
(147, 16, 'Nikko Cassin III', 'Consequatur qui alias qui aut. Ea nulla molestiae nemo qui ea expedita. Facilis ullam numquam perferendis. A deserunt voluptatem est ducimus dicta consequatur. Iure ducimus aperiam non quasi suscipit.', 5, '2018-07-13 07:17:01', '2018-07-13 07:17:01'),
(148, 29, 'Mable Graham', 'Non minima explicabo eos dolorem et id. Aut eos eaque voluptate maiores beatae voluptas fugiat. Aut ut quia quo facere dolorem vel nemo.', 0, '2018-07-13 07:17:01', '2018-07-13 07:17:01'),
(149, 8, 'Patsy Bednar', 'Occaecati voluptatem amet suscipit pariatur explicabo commodi quia ut. Assumenda ut nemo qui rerum veniam soluta rerum aspernatur. Harum reiciendis consectetur laboriosam quia ipsam pariatur nostrum. Nobis in modi qui sunt minus temporibus corrupti.', 0, '2018-07-13 07:17:01', '2018-07-13 07:17:01'),
(150, 46, 'Israel Lehner', 'Iusto ut et est velit voluptatem enim. Rerum possimus molestiae quaerat ut. Dolorem corporis eius laborum fugiat quo.', 1, '2018-07-13 07:17:01', '2018-07-13 07:17:01'),
(151, 45, 'Dr. Katrina Krajcik', 'Unde ex beatae est quos eveniet et omnis. Possimus ut molestias non repudiandae quia. Accusamus ut nihil qui alias dignissimos et. Quam sed cum voluptatum eius ad. Labore sit soluta aut qui et voluptatum.', 0, '2018-07-13 07:17:01', '2018-07-13 07:17:01'),
(152, 1, 'Beaulah Kiehn', 'Itaque et ut cupiditate natus. Magnam nihil quisquam laudantium qui. Vero autem inventore dolores quia vel explicabo. Sed in ut sequi eligendi officiis et.', 5, '2018-07-13 07:17:01', '2018-07-13 07:17:01'),
(153, 47, 'Carlotta Hilll', 'Rem unde molestiae voluptatem qui est aut qui. Voluptatem libero possimus molestiae dolorum voluptas qui qui.', 4, '2018-07-13 07:17:01', '2018-07-13 07:17:01'),
(154, 23, 'Jaden Feest', 'Ut doloremque natus quibusdam tenetur rerum beatae. Et nesciunt autem voluptatum qui. Et quo debitis ullam doloribus quia laboriosam consequuntur.', 3, '2018-07-13 07:17:01', '2018-07-13 07:17:01'),
(155, 20, 'Miss Blanche O\'Keefe III', 'Mollitia illo velit ut officia et. Molestiae incidunt dolorem in repellendus tempore vel. Laboriosam at beatae est odio. Quos optio sunt omnis eum nesciunt alias.', 1, '2018-07-13 07:17:01', '2018-07-13 07:17:01'),
(156, 12, 'Dr. Annabelle Labadie IV', 'Mollitia architecto provident non consequatur dolorem accusamus ut. Sequi expedita et corrupti vel praesentium doloremque modi deleniti. Suscipit quo veniam nihil voluptatem expedita possimus illo dolores. Quibusdam dolore eum odio nulla velit.', 1, '2018-07-13 07:17:01', '2018-07-13 07:17:01'),
(157, 30, 'Mrs. Shana Swift', 'Veniam a aperiam minima temporibus. Rerum cumque voluptatem dolores delectus. Animi occaecati eum sapiente aut. Quis suscipit perferendis nemo qui excepturi.', 3, '2018-07-13 07:17:01', '2018-07-13 07:17:01'),
(158, 30, 'Arne Hahn', 'Asperiores ut expedita velit rerum enim accusamus est. Consequuntur minima nemo et. Aut voluptas nobis dicta eos quisquam magnam possimus. Molestiae est dicta nostrum exercitationem quis.', 4, '2018-07-13 07:17:01', '2018-07-13 07:17:01'),
(159, 5, 'Prof. Peggie Wolff I', 'Nam animi placeat accusantium. Quam accusamus quod dolores omnis. Quam dolor cupiditate autem explicabo beatae qui. Rerum iure id tempora ipsum accusantium nam vero.', 0, '2018-07-13 07:17:01', '2018-07-13 07:17:01'),
(160, 19, 'Stuart Kozey', 'Voluptatem aliquam voluptatum et aspernatur quisquam qui. Ipsa autem autem explicabo rerum aperiam aspernatur unde. Qui est est neque dolores minus aut. Recusandae aspernatur minus asperiores.', 1, '2018-07-13 07:17:01', '2018-07-13 07:17:01'),
(161, 33, 'Miss Vallie Rippin', 'Et sed mollitia qui voluptatum aspernatur vero culpa. Ratione illo quo debitis architecto quia et velit consequatur. Quidem qui autem officia fugiat pariatur doloremque.', 2, '2018-07-13 07:17:01', '2018-07-13 07:17:01'),
(162, 35, 'Lester Padberg', 'Excepturi eveniet modi fuga est at est veniam quis. Repudiandae iure doloremque et consectetur.', 2, '2018-07-13 07:17:01', '2018-07-13 07:17:01'),
(163, 1, 'Rogelio Zulauf', 'Placeat magnam vero omnis ipsam. Corrupti corrupti enim consequatur et. Qui necessitatibus iusto quidem debitis. Atque est voluptatem cumque voluptatibus non. Labore maiores sunt aut laudantium dolorum.', 3, '2018-07-13 07:17:01', '2018-07-13 07:17:01'),
(164, 1, 'Ambrose Lowe', 'Enim deserunt eaque ratione sequi ut. Temporibus esse corporis aliquid quo sint odit est. Rem et voluptas qui voluptas ea dignissimos. Atque vel excepturi dolor omnis et consequatur vel.', 4, '2018-07-13 07:17:01', '2018-07-13 07:17:01'),
(165, 11, 'Bill Gerhold', 'Id dignissimos tenetur pariatur ad consequatur pariatur. Velit totam praesentium accusamus aut commodi sed. Et aspernatur magnam aliquam illum voluptatem perferendis facilis quia.', 4, '2018-07-13 07:17:01', '2018-07-13 07:17:01'),
(166, 38, 'Dr. Freeman Ledner I', 'Ipsa qui dolores cumque. Iste neque voluptatem hic saepe ea. Aut iste recusandae aliquam illum occaecati.', 4, '2018-07-13 07:17:01', '2018-07-13 07:17:01'),
(167, 16, 'Trinity Schultz', 'Quidem non velit voluptas. Ab eligendi rerum mollitia quam. Assumenda qui velit repellat debitis sit. In quisquam quas vero ut sed.', 5, '2018-07-13 07:17:01', '2018-07-13 07:17:01'),
(168, 31, 'Justyn Kemmer III', 'Quisquam a aliquid et quidem. Earum ducimus aliquid iste id ut sint beatae. Labore neque earum modi unde.', 5, '2018-07-13 07:17:01', '2018-07-13 07:17:01'),
(169, 50, 'Holden Ryan', 'Aliquam architecto aut odit omnis itaque. Et molestiae dolorem quis reiciendis. Ut atque quo eum beatae ullam et.', 2, '2018-07-13 07:17:01', '2018-07-13 07:17:01'),
(170, 48, 'Prof. Vern Heller III', 'Voluptas neque nobis optio quam. Ut doloribus qui repellendus id facilis reprehenderit et. Aliquam cum rem nisi alias voluptas pariatur. Veritatis maxime harum sunt nulla officia impedit.', 0, '2018-07-13 07:17:01', '2018-07-13 07:17:01'),
(171, 36, 'Joey Borer', 'Excepturi quibusdam praesentium error ullam. Sequi laboriosam voluptate occaecati et placeat nulla. Repudiandae aut consequatur sint ab laudantium possimus. Iure animi neque ut voluptatem. Dolore quis praesentium veritatis cupiditate mollitia blanditiis eaque.', 2, '2018-07-13 07:17:01', '2018-07-13 07:17:01'),
(172, 48, 'Micheal Nienow', 'Id eum corporis perspiciatis sed praesentium. Perspiciatis ut at exercitationem ullam odit. Ea rerum sint fugit error voluptatem. Incidunt fuga quia reiciendis aperiam.', 3, '2018-07-13 07:17:02', '2018-07-13 07:17:02'),
(173, 1, 'Mrs. Lizeth Bahringer I', 'Amet qui minima nam sed dolores. Animi dolorum ut voluptates officia quia est impedit. Error ipsa nobis inventore iusto. Aut nihil nemo totam rerum aut.', 1, '2018-07-13 07:17:02', '2018-07-13 07:17:02'),
(174, 17, 'Liliana Witting', 'Porro similique quidem qui molestias numquam et. Amet iusto incidunt quam eos. Enim voluptatem molestias pariatur et placeat.', 4, '2018-07-13 07:17:02', '2018-07-13 07:17:02'),
(175, 32, 'Mozelle Doyle', 'Unde aut quia eum eaque repellat maiores est. Necessitatibus cupiditate nostrum voluptas dolore recusandae natus. Fuga perferendis corrupti quis aut voluptatem id nesciunt.', 3, '2018-07-13 07:17:02', '2018-07-13 07:17:02'),
(176, 25, 'Nakia Gerlach', 'Velit sed eius error ut ea. Facilis deserunt laboriosam dicta excepturi vitae inventore. Est non consequatur quidem ipsam porro.', 2, '2018-07-13 07:17:02', '2018-07-13 07:17:02'),
(177, 31, 'Prof. Nola Sauer IV', 'Blanditiis ut quidem suscipit dolor voluptatem pariatur fuga. Repellat cupiditate et nihil est occaecati quae architecto. At quia pariatur iste.', 1, '2018-07-13 07:17:02', '2018-07-13 07:17:02'),
(178, 34, 'Reyes Kautzer', 'Vitae officiis nemo corporis eum labore sed. Maiores hic non voluptas et.', 2, '2018-07-13 07:17:02', '2018-07-13 07:17:02'),
(179, 44, 'Dr. Michale Moore', 'Vitae quia optio assumenda modi id placeat quam. Voluptatem natus similique qui eum vitae ullam soluta. Nulla quis qui accusamus nostrum natus nobis temporibus.', 5, '2018-07-13 07:17:02', '2018-07-13 07:17:02'),
(180, 15, 'Mireya Murazik V', 'Corrupti ea qui voluptatem voluptas. Delectus eaque modi qui ad qui debitis animi nostrum. Laudantium non qui ut dolor enim pariatur.', 1, '2018-07-13 07:17:02', '2018-07-13 07:17:02'),
(181, 27, 'Daniela Jacobi', 'Sint architecto adipisci voluptas doloremque omnis sunt aut. Repudiandae velit alias et. Quas dicta sequi nostrum numquam illum enim. Quia commodi magni autem voluptas. Qui quia doloremque itaque aut nulla.', 0, '2018-07-13 07:17:02', '2018-07-13 07:17:02'),
(182, 8, 'Prof. Armani Schuppe', 'Quia et illo voluptates consequatur soluta et iure. In quaerat sed labore est. Ipsa tempora repellendus eos natus aliquam voluptatum sit. Omnis ullam qui velit fugiat omnis perspiciatis.', 1, '2018-07-13 07:17:02', '2018-07-13 07:17:02'),
(183, 8, 'Sofia Bergnaum', 'Officiis ut dolorum dolores rem. Animi iure doloribus magnam. Autem eaque ut qui sint vitae ratione.', 1, '2018-07-13 07:17:02', '2018-07-13 07:17:02'),
(184, 44, 'Dr. Lea Brekke', 'Id quam hic voluptas officiis qui. Harum deleniti molestiae inventore. Et veritatis maxime rerum repellat sint.', 3, '2018-07-13 07:17:02', '2018-07-13 07:17:02'),
(185, 49, 'Prof. Imogene Runolfsson', 'Architecto id modi veniam totam possimus aut id. Autem rem consequatur laudantium consequatur non dolorem accusantium.', 2, '2018-07-13 07:17:02', '2018-07-13 07:17:02'),
(186, 38, 'Jedediah Hegmann', 'Fugiat esse totam voluptatum molestiae. Occaecati recusandae alias tenetur consequatur. Voluptates ad nihil dolor nihil vero et earum.', 3, '2018-07-13 07:17:02', '2018-07-13 07:17:02'),
(187, 18, 'Rosie Huel', 'Ex saepe corporis ea aut quod quisquam unde. Pariatur eos magni cupiditate delectus ea officiis. Provident cumque consequatur sunt explicabo quia velit quis. Quaerat esse aut laudantium aperiam voluptas iste nihil ipsa.', 5, '2018-07-13 07:17:02', '2018-07-13 07:17:02'),
(188, 26, 'Prof. Keith Rice Jr.', 'Debitis aliquam tempora sequi mollitia tempora velit voluptatem. Voluptatum voluptates rem reiciendis alias sed aut impedit eveniet. Quia quia cumque quis rerum cupiditate labore sapiente. Alias ut dignissimos qui fuga aut.', 2, '2018-07-13 07:17:02', '2018-07-13 07:17:02'),
(189, 37, 'Providenci Schuppe', 'Non consequatur et non nihil ducimus ab. In in ratione hic sed facere. Sed enim voluptates et consectetur ut.', 1, '2018-07-13 07:17:02', '2018-07-13 07:17:02'),
(190, 18, 'Augusta Lueilwitz', 'Ea odio ut numquam vero. Iure voluptatem quia quia praesentium sint. Eos qui officiis voluptatibus autem.', 4, '2018-07-13 07:17:02', '2018-07-13 07:17:02'),
(191, 19, 'Taya Romaguera', 'Non ea voluptatibus minima et. Qui eos voluptas aperiam omnis sapiente quisquam aut. Tenetur odit enim libero accusantium eius sed architecto velit. Recusandae aut error tempora quisquam qui. Ea perspiciatis nihil aut iure et culpa.', 0, '2018-07-13 07:17:02', '2018-07-13 07:17:02'),
(192, 35, 'Prof. Will Walker', 'Vel eveniet qui occaecati soluta voluptates. Porro eos dicta occaecati. Sint quisquam reprehenderit ratione dolor dolores.', 5, '2018-07-13 07:17:02', '2018-07-13 07:17:02'),
(193, 23, 'Jerod Abernathy', 'Qui sit illo beatae velit molestiae autem quisquam. Voluptate et a et velit aut.', 2, '2018-07-13 07:17:02', '2018-07-13 07:17:02'),
(194, 45, 'Daisy Oberbrunner', 'Ducimus odio fuga a et. Qui nisi et delectus ea. Atque officia molestias similique cum id dolores rerum. Facere consectetur itaque corrupti error.', 5, '2018-07-13 07:17:02', '2018-07-13 07:17:02'),
(195, 45, 'Kianna Kub', 'Quam quae quas est dignissimos. Eaque sed facere veritatis sapiente aperiam dolore minima. Architecto eum inventore modi minus quidem rem animi. Quam aspernatur illum quos rerum enim. Facere ab saepe deserunt ratione recusandae eius ullam.', 0, '2018-07-13 07:17:02', '2018-07-13 07:17:02'),
(196, 39, 'Laverne Terry', 'Quis veritatis atque est neque. Est dolorem non accusantium. Autem quasi recusandae culpa quam.', 5, '2018-07-13 07:17:02', '2018-07-13 07:17:02'),
(197, 46, 'Dr. Ron Mayer I', 'Et exercitationem molestiae nemo molestias ipsam est quo. Ut debitis distinctio animi dolorum non sed aspernatur non. Illum a quis accusamus non a assumenda. Id deserunt cum esse dolores. Iste voluptatem est aut perspiciatis in ut.', 3, '2018-07-13 07:17:02', '2018-07-13 07:17:02'),
(198, 40, 'Prof. Ervin Parker', 'Unde debitis pariatur placeat quia molestiae repellendus et. Quia aliquid sit fuga neque ut qui sed saepe. Tempora laborum dolore nam dignissimos aliquam voluptatem id.', 5, '2018-07-13 07:17:02', '2018-07-13 07:17:02'),
(199, 9, 'Amelie Leffler I', 'Similique eum qui nisi ea amet quos id. Magnam voluptas enim dolores nisi ut omnis qui debitis. Corrupti fugit placeat perspiciatis. Aut debitis omnis et harum beatae qui odit.', 3, '2018-07-13 07:17:02', '2018-07-13 07:17:02'),
(200, 39, 'Felicity Stiedemann', 'Voluptas eveniet pariatur voluptas eum exercitationem perspiciatis nemo. Ut et inventore omnis rerum. Quis suscipit voluptas ullam repudiandae omnis necessitatibus.', 1, '2018-07-13 07:17:02', '2018-07-13 07:17:02'),
(201, 48, 'Isabel Kub Jr.', 'Amet et omnis aut omnis quia reprehenderit unde. Facilis magnam labore enim delectus. Aut illum culpa qui dolor unde. Consequuntur sed blanditiis fugit doloremque ut tenetur pariatur.', 2, '2018-07-13 07:17:02', '2018-07-13 07:17:02'),
(202, 5, 'Loy Veum', 'Modi dolores non voluptatem officiis est omnis soluta. Sunt tenetur quo enim quia totam inventore. Dignissimos ut fugit nisi doloribus. Dolores minima voluptates quaerat culpa ad debitis.', 4, '2018-07-13 07:17:02', '2018-07-13 07:17:02'),
(203, 50, 'Mrs. Heidi Donnelly', 'Est incidunt similique quae ut doloremque ut modi. Sapiente fugit doloremque aliquam in quae accusamus. Natus et autem sed voluptas. Et quidem pariatur illo cupiditate.', 4, '2018-07-13 07:17:02', '2018-07-13 07:17:02'),
(204, 15, 'Reba Will DDS', 'Magni aliquid tenetur aperiam modi quisquam. Ut necessitatibus fuga mollitia sunt praesentium fugit eos et. Accusamus deleniti harum itaque quisquam non libero est. Magni ipsam quisquam temporibus.', 5, '2018-07-13 07:17:02', '2018-07-13 07:17:02');
INSERT INTO `reviews` (`id`, `product_id`, `customer`, `review`, `star`, `created_at`, `updated_at`) VALUES
(205, 31, 'Conner Sawayn', 'Aut vitae repellendus aliquid quidem quia voluptas. Officia rerum et quo voluptatibus et. Cupiditate modi fuga et ipsam nulla ipsum voluptatum. Sit repellendus ullam enim est aut.', 5, '2018-07-13 07:17:02', '2018-07-13 07:17:02'),
(206, 21, 'Dr. Clement Legros', 'Voluptatibus saepe dolor quae perspiciatis earum et. Et aliquam et qui distinctio.', 2, '2018-07-13 07:17:02', '2018-07-13 07:17:02'),
(207, 1, 'Prof. Anabel Ziemann DVM', 'Suscipit molestias sunt dolor numquam qui. Assumenda aut necessitatibus debitis et voluptatem error perspiciatis. Et est sapiente minus.', 2, '2018-07-13 07:17:02', '2018-07-13 07:17:02'),
(208, 20, 'Vella Bergstrom PhD', 'Qui impedit soluta iusto libero. Repellat praesentium voluptas debitis. Molestiae corporis et quibusdam repellat aperiam nesciunt.', 0, '2018-07-13 07:17:02', '2018-07-13 07:17:02'),
(209, 1, 'Cecilia Swaniawski', 'Voluptatem vitae nostrum id ut. Ea est eligendi qui. Quam quis voluptatem et est voluptatum.', 3, '2018-07-13 07:17:02', '2018-07-13 07:17:02'),
(210, 21, 'Margaretta Veum', 'Quos voluptatibus est quae qui neque dolores deserunt. Ratione architecto repellendus est molestias sunt iure enim. Soluta consequatur at provident voluptatem tenetur.', 5, '2018-07-13 07:17:02', '2018-07-13 07:17:02'),
(211, 4, 'Rosie Goodwin', 'Eius quibusdam voluptatem voluptatum corrupti rerum unde consectetur. Quia nemo aut deleniti natus occaecati. Cupiditate fugiat impedit quibusdam quibusdam.', 1, '2018-07-13 07:17:02', '2018-07-13 07:17:02'),
(212, 5, 'Jack Daniel', 'Et asperiores explicabo provident aut voluptatem suscipit facere recusandae. Quo inventore voluptatem eius libero. Ut labore quas non facere ex qui. Omnis odit iusto eaque consequuntur dolorum dolor.', 2, '2018-07-13 07:17:02', '2018-07-13 07:17:02'),
(213, 50, 'Mrs. Frances Trantow MD', 'Voluptatem molestias dolor velit ex excepturi. Repellat voluptates voluptatem vitae sed maxime a totam. Est mollitia vero eos enim dolor officiis ut rerum. Ullam deleniti quia a voluptatem.', 5, '2018-07-13 07:17:02', '2018-07-13 07:17:02'),
(214, 34, 'Alison Bahringer', 'Sunt sed rerum ut quibusdam omnis amet. Doloremque alias voluptas veniam qui. Dolores quidem voluptas voluptas temporibus dicta consequatur quod.', 0, '2018-07-13 07:17:02', '2018-07-13 07:17:02'),
(215, 34, 'Dr. Steve Grady', 'Reiciendis inventore ex reprehenderit ut laudantium est. Omnis adipisci sunt sunt suscipit sed. Id eum quis nisi cupiditate eum rerum.', 4, '2018-07-13 07:17:02', '2018-07-13 07:17:02'),
(216, 45, 'Ryann Waters', 'Nam ullam maiores voluptatem sit. Dolores libero quaerat nisi ullam labore aut. Illum vel nihil voluptates sapiente.', 1, '2018-07-13 07:17:02', '2018-07-13 07:17:02'),
(217, 8, 'Dr. Antwon Reilly', 'Ullam qui cum ea minus neque repudiandae. Deleniti quia placeat esse possimus tempora eveniet dicta. Vel deserunt illum est quidem nam. Vel possimus exercitationem ea atque incidunt hic vero.', 2, '2018-07-13 07:17:02', '2018-07-13 07:17:02'),
(218, 15, 'Prof. Andreane Grady IV', 'Est dicta omnis et non sit. Eveniet vero occaecati nisi sed eligendi molestias dicta. Dolorem voluptatem consequatur nisi illum.', 3, '2018-07-13 07:17:02', '2018-07-13 07:17:02'),
(219, 30, 'Brooke Lesch', 'Assumenda excepturi illo iusto eos dicta similique ad. Itaque assumenda officiis mollitia omnis vel distinctio magnam. Mollitia quod id aliquam et aut velit.', 1, '2018-07-13 07:17:02', '2018-07-13 07:17:02'),
(220, 18, 'Melisa Stokes', 'Blanditiis sed sed molestiae accusantium. Non tenetur voluptatem eum voluptatem aliquid.', 4, '2018-07-13 07:17:02', '2018-07-13 07:17:02'),
(221, 8, 'Dr. Bridie Marks', 'Nemo omnis velit harum quidem magnam sit enim. Repellat nostrum laboriosam aut ipsa sequi. Fuga consequatur rerum dolores. Optio officiis consequatur deserunt enim dolorem.', 0, '2018-07-13 07:17:02', '2018-07-13 07:17:02'),
(222, 17, 'Barbara Daugherty', 'Quia aperiam ipsam et quia at quisquam enim. Voluptatem itaque quia corporis illum quas. Modi in incidunt corporis incidunt esse harum est error.', 5, '2018-07-13 07:17:02', '2018-07-13 07:17:02'),
(223, 6, 'Bryce Stoltenberg', 'Expedita veritatis ea illum aut doloribus non. Quae autem eveniet et. Reprehenderit pariatur quis animi ut dolores quia.', 4, '2018-07-13 07:17:02', '2018-07-13 07:17:02'),
(224, 40, 'Sherman Bode DDS', 'Dolorem sed eos dolorem voluptatum esse. Neque accusamus dolores voluptatum cumque quia. Enim voluptas sed omnis ipsam est.', 2, '2018-07-13 07:17:02', '2018-07-13 07:17:02'),
(225, 14, 'Dr. Elmira Kunze', 'Natus iure excepturi nihil nihil et veniam sint. Et et eveniet atque voluptatum aut quia nulla. Sunt incidunt nihil quam amet eum. Eius repudiandae sit labore rem quam vero. Id ab porro repudiandae nam ipsa assumenda consequatur.', 1, '2018-07-13 07:17:02', '2018-07-13 07:17:02'),
(226, 43, 'Lavina Swift', 'Non ratione consequatur excepturi nostrum autem. Neque dolor qui sit odio est voluptatem corporis. Non quia id aut minima enim dolor. Aut sint sequi quis dolores quo ut.', 0, '2018-07-13 07:17:02', '2018-07-13 07:17:02'),
(227, 19, 'Prof. Verda Robel', 'Molestiae aut qui omnis velit exercitationem qui. Et ab similique qui quas voluptates minus. Adipisci perspiciatis voluptatem officia est.', 3, '2018-07-13 07:17:02', '2018-07-13 07:17:02'),
(228, 20, 'Crystal Robel', 'Et quia fugit omnis sint voluptate dignissimos nulla aut. Nihil sunt est rerum. Velit ipsa rerum natus magni.', 0, '2018-07-13 07:17:02', '2018-07-13 07:17:02'),
(229, 3, 'Dr. Alvina Jacobson DDS', 'Explicabo omnis qui ut aliquam est illo odit laboriosam. Sequi non minima hic ut aperiam rerum. Quia corporis qui possimus quibusdam dolorem.', 0, '2018-07-13 07:17:02', '2018-07-13 07:17:02'),
(230, 18, 'Napoleon Denesik', 'Ab quisquam cum iusto qui a aut. Et voluptatem similique quasi sed pariatur similique. Maxime quisquam dolorum et itaque consequuntur aut perferendis nesciunt. Voluptates sit enim sed qui aperiam sed.', 3, '2018-07-13 07:17:02', '2018-07-13 07:17:02'),
(231, 27, 'Ludwig Cormier', 'Vel consequatur sit rerum laboriosam minus. Veniam numquam nihil consequatur. Minima maiores debitis at quisquam voluptatem neque. Tempora officiis facere eligendi.', 3, '2018-07-13 07:17:02', '2018-07-13 07:17:02'),
(232, 7, 'Prof. Adrian Christiansen', 'Et et nesciunt eius aut consequatur dolor ab recusandae. Assumenda recusandae qui et debitis nobis non. Eius consequatur ab quae qui voluptas. Consequuntur quas dolore provident consequatur.', 4, '2018-07-13 07:17:02', '2018-07-13 07:17:02'),
(233, 9, 'Eriberto Cartwright PhD', 'Quisquam nihil exercitationem voluptas provident asperiores. Soluta culpa quia dolorem tenetur aliquid illo.', 1, '2018-07-13 07:17:02', '2018-07-13 07:17:02'),
(234, 36, 'Mrs. Herminia McDermott', 'Qui reiciendis et dolorem eligendi voluptas maxime et aspernatur. Eius molestiae et illo aperiam exercitationem. Quibusdam ad nostrum veniam odio dolorem repudiandae amet accusamus.', 1, '2018-07-13 07:17:02', '2018-07-13 07:17:02'),
(235, 26, 'Ruth Trantow I', 'Et quo nisi ut in saepe quis. Animi totam natus et omnis eveniet quia. In sunt eius eveniet explicabo. Accusamus et aspernatur ut perspiciatis voluptatem perspiciatis temporibus. Quos est vitae architecto voluptate quia sunt aut molestiae.', 4, '2018-07-13 07:17:02', '2018-07-13 07:17:02'),
(236, 23, 'Dr. Ola Dietrich PhD', 'Perspiciatis assumenda veniam animi quaerat. Quis asperiores suscipit quibusdam nemo saepe. Rerum qui est consequatur aut nam quisquam magnam.', 3, '2018-07-13 07:17:02', '2018-07-13 07:17:02'),
(237, 28, 'Dr. Keanu Mraz', 'Et qui distinctio facilis. Et officiis et iusto saepe quia. Est sed et expedita architecto. Velit et ipsum doloremque quo aperiam ratione aspernatur. Voluptatem veniam odit hic ullam possimus ullam.', 0, '2018-07-13 07:17:02', '2018-07-13 07:17:02'),
(238, 44, 'Jaquelin Keebler I', 'Accusantium eius eaque esse ea repellendus atque voluptas. Aut et hic voluptatem corrupti voluptate enim assumenda. Dolor quo recusandae reprehenderit est sint qui distinctio. Tempora assumenda ad sit reprehenderit magnam.', 0, '2018-07-13 07:17:02', '2018-07-13 07:17:02'),
(239, 24, 'Mafalda Kuhlman', 'Dolorem magni blanditiis rerum. Dolore aut dolores nulla ut. Praesentium velit rerum non esse perferendis nihil. Ut et vitae porro repellendus aut provident.', 3, '2018-07-13 07:17:02', '2018-07-13 07:17:02'),
(240, 43, 'Miss Michelle Gusikowski', 'Dolore voluptatem assumenda aliquam ducimus libero. A ut sit quos dicta. Nisi impedit vel ea temporibus. Odit quis hic possimus nam et.', 2, '2018-07-13 07:17:02', '2018-07-13 07:17:02'),
(241, 31, 'Devon Lehner', 'Optio nam sit voluptas et libero. Sed iste aliquam blanditiis non. Repellendus quam eius saepe minima molestiae sit.', 4, '2018-07-13 07:17:02', '2018-07-13 07:17:02'),
(242, 13, 'Dr. Percy Abbott MD', 'Dignissimos dolore deserunt dolorum quod ea doloribus. Corporis quia sunt tempore laboriosam. Officiis aperiam nobis voluptas magni vero. Perspiciatis itaque ut rerum ea molestiae odio dolore.', 1, '2018-07-13 07:17:02', '2018-07-13 07:17:02'),
(243, 6, 'Dr. Nash Sauer', 'Distinctio laboriosam autem esse non aut aut est. Autem iure error facilis quia consequatur.', 3, '2018-07-13 07:17:02', '2018-07-13 07:17:02'),
(244, 13, 'Arch Smith', 'Minus debitis beatae sunt praesentium perspiciatis illo. Sunt repellendus eaque fugiat. Vitae sed nesciunt doloremque porro est. Officia qui veritatis asperiores pariatur id velit occaecati.', 0, '2018-07-13 07:17:02', '2018-07-13 07:17:02'),
(245, 37, 'Tyra Kuvalis', 'Recusandae optio cupiditate debitis. Id rem voluptate unde quisquam nulla quod accusamus ut. Et similique reiciendis repudiandae non dolorem animi.', 3, '2018-07-13 07:17:02', '2018-07-13 07:17:02'),
(246, 5, 'Talon Legros', 'Dolor veniam libero perferendis dolorem voluptatum voluptas. Voluptas nesciunt et aut facere eaque qui. Est saepe suscipit doloribus minima unde. Sit sed sit sed fugit eligendi voluptatem.', 5, '2018-07-13 07:17:02', '2018-07-13 07:17:02'),
(247, 26, 'Ciara Ruecker', 'Sapiente accusantium fugiat qui ab voluptas sequi commodi. Perferendis nobis qui minima modi. Maxime ipsa voluptates quis quis quia.', 3, '2018-07-13 07:17:03', '2018-07-13 07:17:03'),
(248, 17, 'Crawford Hessel', 'Incidunt reprehenderit magnam eos ut temporibus non non. Explicabo et praesentium quisquam. Unde sed quia error quas ea praesentium aliquam amet.', 3, '2018-07-13 07:17:03', '2018-07-13 07:17:03'),
(249, 14, 'Dwight Murray', 'Sit incidunt nulla velit dolores. Et odit omnis rem. Reiciendis corrupti rerum a quam iure saepe. Nobis tempora odit eligendi sint laborum et sapiente.', 5, '2018-07-13 07:17:03', '2018-07-13 07:17:03'),
(250, 31, 'Jermaine Reinger II', 'Iste qui voluptatem quis possimus et et iure. Veritatis blanditiis ipsum fugit vel pariatur enim. Ex minus similique doloremque mollitia aut. Placeat eos suscipit et maxime amet sed.', 3, '2018-07-13 07:17:03', '2018-07-13 07:17:03'),
(251, 13, 'Ms. Jessika Kovacek', 'Enim ducimus voluptatibus nam id. Blanditiis magni sed corrupti dolore numquam quo quaerat. Quo eaque optio eum inventore consequatur iure.', 4, '2018-07-13 07:17:03', '2018-07-13 07:17:03'),
(252, 26, 'Miss Elisabeth Swaniawski', 'Omnis voluptates voluptas sed vel aut. Ut autem maiores fugiat dolor minus ut. Ut harum sed molestiae quos officia ut.', 3, '2018-07-13 07:17:03', '2018-07-13 07:17:03'),
(253, 8, 'Halie Heaney III', 'Quas aliquid nihil vitae maxime sint. Consequatur esse nesciunt autem placeat in earum tempore sed. Quia nam impedit impedit corporis minima impedit.', 2, '2018-07-13 07:17:03', '2018-07-13 07:17:03'),
(254, 1, 'Stone Schmitt Jr.', 'Et exercitationem veniam vero quia vel in. Odio mollitia possimus quasi corrupti. Qui illo odio eveniet expedita quidem. Sed magnam adipisci dolor ut tempore asperiores magnam.', 5, '2018-07-13 07:17:03', '2018-07-13 07:17:03'),
(255, 11, 'Golda Mann', 'Quia impedit iure quo est. Et id accusantium illum ut harum ratione ea. Praesentium modi deserunt sit in recusandae in est. Est excepturi totam in modi. Et eum qui deserunt suscipit.', 2, '2018-07-13 07:17:03', '2018-07-13 07:17:03'),
(256, 39, 'Sibyl Schiller', 'Aperiam eum inventore natus molestiae. Autem eaque sit sit excepturi possimus. Accusantium facere maxime voluptatem enim repudiandae ipsam.', 2, '2018-07-13 07:17:03', '2018-07-13 07:17:03'),
(257, 33, 'Mittie Reichert Jr.', 'Sunt non repellendus non aut esse sint. Ut molestiae non quis. Quia repellat assumenda repudiandae vel. Hic ratione dolorum dolorum sed necessitatibus.', 5, '2018-07-13 07:17:03', '2018-07-13 07:17:03'),
(258, 3, 'Kirsten Haley', 'Fugiat molestiae sit suscipit hic itaque vitae. Recusandae dolores necessitatibus excepturi aspernatur aut. Ut voluptatem sit deserunt.', 1, '2018-07-13 07:17:03', '2018-07-13 07:17:03'),
(259, 50, 'Albina Wehner', 'Accusantium ex nobis ut nihil quia praesentium. Molestiae optio id eum optio autem iste. Et aspernatur sint voluptatum.', 4, '2018-07-13 07:17:03', '2018-07-13 07:17:03'),
(260, 17, 'Lukas Pacocha', 'Incidunt porro eaque aut assumenda impedit rem consequatur. Assumenda inventore temporibus voluptas sapiente eum sunt illo. Iste ipsa voluptate dignissimos dignissimos quidem ipsam sunt a. Laboriosam facilis qui est commodi animi.', 2, '2018-07-13 07:17:03', '2018-07-13 07:17:03'),
(261, 42, 'Vada Bauch', 'Quod voluptas debitis fugit rerum. Voluptatibus molestiae id quisquam aut culpa nobis. Alias optio et illum. Voluptatum voluptatem sunt non asperiores iste. Sint nostrum sed labore sed in.', 5, '2018-07-13 07:17:03', '2018-07-13 07:17:03'),
(262, 50, 'Easton Connelly MD', 'Iste consequatur ipsa eum sunt temporibus doloremque. Sint quae quia asperiores rem impedit officiis nam. Sed et ullam maiores enim animi sequi sint. Hic aut excepturi esse sit reiciendis.', 4, '2018-07-13 07:17:03', '2018-07-13 07:17:03'),
(263, 4, 'Molly Legros DDS', 'Minima quia repellendus consequatur animi quam est occaecati. Ut libero iusto nam non non ea dolores. Et quo porro amet adipisci est veritatis et. Voluptate praesentium commodi eum amet est cum accusamus corrupti.', 2, '2018-07-13 07:17:03', '2018-07-13 07:17:03'),
(264, 48, 'Emmie Kozey', 'Est ipsa voluptatem velit dolores aliquam corrupti fuga. Illum modi et deleniti exercitationem qui sapiente facilis. Omnis at repellendus omnis. Nulla dolorum fugit aut eligendi accusantium et distinctio et.', 4, '2018-07-13 07:17:03', '2018-07-13 07:17:03'),
(265, 26, 'Zola Barrows', 'Omnis sapiente quis unde vitae ut maiores. Enim omnis laboriosam atque illum. Aliquid magnam ducimus repellendus sunt beatae nihil cupiditate.', 2, '2018-07-13 07:17:03', '2018-07-13 07:17:03'),
(266, 24, 'Mr. Talon Runolfsdottir Sr.', 'Dolorem rerum vitae eos explicabo nam eligendi. Quia et aut minima facere voluptatem. Repudiandae nostrum iure hic in molestias repellat dolore. Molestiae qui deleniti ut modi aut quos ut cupiditate.', 0, '2018-07-13 07:17:03', '2018-07-13 07:17:03'),
(267, 43, 'Hillard Schamberger', 'Sit earum dolorem corporis exercitationem magnam impedit. Dolor et qui officiis nemo et numquam sint. Sint aut unde qui maiores necessitatibus fugit harum. Fuga dolores veniam sed quisquam illo.', 5, '2018-07-13 07:17:03', '2018-07-13 07:17:03'),
(268, 25, 'Prof. Kaycee Klocko', 'Doloremque placeat voluptatem aut ullam eligendi provident suscipit. Recusandae porro voluptatem iure voluptatem expedita. Voluptatem sed nostrum quia omnis. Doloribus dolorum eos quibusdam dolores excepturi molestiae.', 4, '2018-07-13 07:17:03', '2018-07-13 07:17:03'),
(269, 21, 'Verner Krajcik', 'Nam sed qui sunt. Atque possimus architecto quo et repudiandae iusto enim voluptatibus. Accusantium quas recusandae perferendis consequatur.', 1, '2018-07-13 07:17:03', '2018-07-13 07:17:03'),
(270, 37, 'Prof. Troy Larson', 'Repudiandae fuga quia praesentium ut quaerat quaerat. Est ut provident eligendi adipisci. Praesentium aut occaecati consequatur autem sit vitae laborum quae.', 3, '2018-07-13 07:17:03', '2018-07-13 07:17:03'),
(271, 42, 'Mr. Alexander Ziemann PhD', 'Illum praesentium consequuntur qui. Aut unde natus corrupti ipsum odit laboriosam quaerat necessitatibus. Provident voluptatem aut dicta cumque. Qui sed a et enim esse quia.', 3, '2018-07-13 07:17:03', '2018-07-13 07:17:03'),
(272, 44, 'Neoma Dooley', 'Qui ipsum non laboriosam commodi quia ut. Et consequatur asperiores quos accusantium ut. Sapiente omnis a quaerat repudiandae magnam asperiores soluta.', 0, '2018-07-13 07:17:03', '2018-07-13 07:17:03'),
(273, 36, 'Mr. Quinton Cormier MD', 'Autem cupiditate beatae et eos. Laudantium doloribus pariatur necessitatibus corrupti sequi. Ut blanditiis et perferendis quia aut distinctio repellendus ullam. Ipsa pariatur quos rem quis itaque laborum.', 5, '2018-07-13 07:17:03', '2018-07-13 07:17:03'),
(274, 20, 'Brian Ledner', 'Enim magni asperiores adipisci ut doloremque voluptates. Est id at et. Et est nostrum dolores ut. Consequuntur rem vel itaque consequatur.', 2, '2018-07-13 07:17:03', '2018-07-13 07:17:03'),
(275, 18, 'Lenna Will', 'Facilis repellat laudantium rerum veniam. Dolore sit est placeat omnis occaecati. Aliquam occaecati maxime aut occaecati sed quisquam corporis. Doloremque consectetur at qui mollitia ut animi distinctio et.', 3, '2018-07-13 07:17:03', '2018-07-13 07:17:03'),
(276, 7, 'Mrs. Hosea Barrows', 'Quod et molestiae deleniti velit. Fugiat autem laborum dolor. Id asperiores molestiae qui.', 1, '2018-07-13 07:17:03', '2018-07-13 07:17:03'),
(277, 16, 'Britney Dibbert', 'Sed omnis minus et incidunt error eveniet. In laborum sed eos sed. Cum quia necessitatibus dolor quia veritatis harum. Suscipit nihil et libero reiciendis.', 2, '2018-07-13 07:17:03', '2018-07-13 07:17:03'),
(278, 8, 'Alysa Pollich', 'Id delectus esse ut animi. Nulla consequatur mollitia voluptate hic cupiditate aspernatur consequatur. Maxime voluptatem aut natus pariatur enim exercitationem. Aut sit ut velit eos.', 0, '2018-07-13 07:17:03', '2018-07-13 07:17:03'),
(279, 47, 'Annabelle Kiehn', 'Dolorem nemo architecto saepe tenetur esse occaecati quas. Doloremque sint et tempora voluptatem quia voluptas. Assumenda excepturi sit corporis maiores et voluptate. Quidem dolorem necessitatibus est.', 4, '2018-07-13 07:17:03', '2018-07-13 07:17:03'),
(280, 1, 'Prof. Nash Schiller', 'Perferendis et deserunt optio vitae voluptatem voluptatum unde. Ut labore consequatur suscipit iure. Facilis numquam culpa nihil omnis architecto et vero. Est sint fugiat sit atque ea quis consequatur quia.', 0, '2018-07-13 07:17:03', '2018-07-13 07:17:03'),
(281, 32, 'Nadia Auer', 'Et maiores possimus in voluptate qui quasi harum. Itaque est consequatur enim quae.', 5, '2018-07-13 07:17:03', '2018-07-13 07:17:03'),
(282, 8, 'Tyrese Harber', 'Veniam rerum iure quis. Ipsa aliquam deleniti vitae dignissimos aut ut provident. Vel est sit maxime molestias minima. Illo id dolorem et repellendus sit.', 1, '2018-07-13 07:17:03', '2018-07-13 07:17:03'),
(283, 32, 'Toney Brakus', 'Veritatis adipisci ut et distinctio adipisci. Mollitia temporibus ut dolorum reiciendis.', 2, '2018-07-13 07:17:03', '2018-07-13 07:17:03'),
(284, 13, 'Oleta Kling', 'Ratione assumenda beatae ut molestiae quis et. Aliquid placeat perspiciatis et nihil dicta enim. Eos quos a sapiente voluptas. Adipisci dolorem sapiente a non quis alias.', 4, '2018-07-13 07:17:03', '2018-07-13 07:17:03'),
(285, 8, 'Lynn Veum', 'Tempora nam dolorem provident distinctio illum accusantium. Voluptatum temporibus modi voluptatibus natus recusandae at totam.', 0, '2018-07-13 07:17:03', '2018-07-13 07:17:03'),
(286, 31, 'Caleb Batz', 'Officia ullam qui eos rerum. At voluptas nihil odio praesentium reprehenderit inventore. At maiores qui architecto accusamus in blanditiis aperiam.', 5, '2018-07-13 07:17:03', '2018-07-13 07:17:03'),
(287, 18, 'Mr. Marlon Connelly MD', 'A est qui perspiciatis quia. Est et veniam voluptatibus non.', 3, '2018-07-13 07:17:03', '2018-07-13 07:17:03'),
(288, 35, 'Nayeli Wuckert', 'Nihil cupiditate nihil suscipit. Atque et molestias error eius tenetur explicabo occaecati. Eveniet sunt neque eligendi.', 3, '2018-07-13 07:17:03', '2018-07-13 07:17:03'),
(289, 1, 'Dagmar Hagenes', 'Ut autem possimus numquam doloremque incidunt. Quaerat perferendis error ratione enim quis. Dolorem architecto rerum modi porro omnis. Excepturi aliquid nam ex sint rem.', 0, '2018-07-13 07:17:03', '2018-07-13 07:17:03'),
(290, 1, 'Karson Windler', 'Quia error qui blanditiis cumque eveniet. Nisi voluptas rem pariatur laboriosam autem ducimus. Velit cum placeat molestiae ea repellendus.', 4, '2018-07-13 07:17:03', '2018-07-13 07:17:03'),
(291, 49, 'Roxane Larson', 'Minus explicabo ad labore. Laboriosam tempore distinctio nostrum qui et eum.', 1, '2018-07-13 07:17:03', '2018-07-13 07:17:03'),
(292, 28, 'Prof. Alexanne Boyer', 'Et et omnis consectetur consequatur repudiandae consectetur. Magnam modi qui inventore earum sapiente quo fugit beatae. Praesentium nostrum in doloremque quis voluptas et sint.', 5, '2018-07-13 07:17:03', '2018-07-13 07:17:03'),
(293, 42, 'Tristian Buckridge', 'Dolorem ut eaque enim commodi aut qui neque. Pariatur tenetur dicta vel doloribus. Enim perspiciatis necessitatibus debitis velit. Quia odio iusto blanditiis temporibus qui et.', 5, '2018-07-13 07:17:03', '2018-07-13 07:17:03'),
(294, 45, 'Prof. Jimmy Torphy', 'Dolorum voluptas magni sequi enim et totam velit. Aut explicabo qui veniam veritatis odit vel consequuntur. Magni sit ea repellendus modi nostrum. Suscipit dolorem ad fugit voluptas repudiandae.', 1, '2018-07-13 07:17:03', '2018-07-13 07:17:03'),
(295, 6, 'Elton Jacobs', 'Reiciendis pariatur autem eius consequuntur blanditiis dolor temporibus. Modi illum laboriosam quos et quisquam natus. Delectus animi eaque ea.', 4, '2018-07-13 07:17:03', '2018-07-13 07:17:03'),
(296, 15, 'Miss Lorena Heller V', 'Et animi dolore similique iste rem. Odio facere accusamus totam ipsa. Et praesentium dicta ut aliquam. Neque veritatis laborum maxime libero nostrum voluptas rerum.', 3, '2018-07-13 07:17:03', '2018-07-13 07:17:03'),
(297, 7, 'Prof. Dina Barton', 'Nemo maiores dolores est rerum. Exercitationem mollitia assumenda ut quam sapiente eum est. Non soluta voluptatum distinctio.', 2, '2018-07-13 07:17:03', '2018-07-13 07:17:03'),
(298, 40, 'Melany Kemmer MD', 'Odio quia sunt corporis veritatis est. Omnis voluptatem recusandae voluptatibus. Optio quis dolorem quae. Maxime est aliquid veritatis nesciunt qui natus alias.', 0, '2018-07-13 07:17:03', '2018-07-13 07:17:03'),
(299, 45, 'Caesar Carroll', 'Eos quibusdam libero atque sit corrupti. Culpa saepe sit nam dolorem rem nam rerum. Delectus sint corporis mollitia perspiciatis vel.', 1, '2018-07-13 07:17:03', '2018-07-13 07:17:03'),
(300, 15, 'Rod Keeling Jr.', 'Sequi laboriosam eveniet et aut perspiciatis. Est quis autem ex non. Voluptas enim blanditiis quo eius modi pariatur.', 1, '2018-07-13 07:17:03', '2018-07-13 07:17:03');

-- --------------------------------------------------------

--
-- Table structure for table `users`
--

CREATE TABLE `users` (
  `id` int(10) UNSIGNED NOT NULL,
  `name` varchar(191) COLLATE utf8mb4_unicode_ci NOT NULL,
  `email` varchar(191) COLLATE utf8mb4_unicode_ci NOT NULL,
  `password` varchar(191) COLLATE utf8mb4_unicode_ci NOT NULL,
  `remember_token` varchar(100) COLLATE utf8mb4_unicode_ci DEFAULT NULL,
  `created_at` timestamp NULL DEFAULT NULL,
  `updated_at` timestamp NULL DEFAULT NULL
) ENGINE=InnoDB DEFAULT CHARSET=utf8mb4 COLLATE=utf8mb4_unicode_ci;

--
-- Dumping data for table `users`
--

INSERT INTO `users` (`id`, `name`, `email`, `password`, `remember_token`, `created_at`, `updated_at`) VALUES
(1, 'Dr. Osbaldo Gerhold', 'isobel19@example.com', '$2y$10$TKh8H1.PfQx37YgCzwiKb.KjNyWgaHb9cbcoQgdIVFlYg7B77UdFm', 'NOr8pY1GXc', '2018-07-13 07:16:57', '2018-07-13 07:16:57'),
(2, 'Dr. Darrin Toy', 'estevan88@example.org', '$2y$10$TKh8H1.PfQx37YgCzwiKb.KjNyWgaHb9cbcoQgdIVFlYg7B77UdFm', 'AgBeeimkmF', '2018-07-13 07:16:57', '2018-07-13 07:16:57'),
(3, 'Elisha Kuhic', 'witting.claud@example.com', '$2y$10$TKh8H1.PfQx37YgCzwiKb.KjNyWgaHb9cbcoQgdIVFlYg7B77UdFm', 'wVt3EpbF07', '2018-07-13 07:16:57', '2018-07-13 07:16:57'),
(4, 'Lazaro Stanton', 'rocio24@example.net', '$2y$10$TKh8H1.PfQx37YgCzwiKb.KjNyWgaHb9cbcoQgdIVFlYg7B77UdFm', '70MaCl0OyC', '2018-07-13 07:16:57', '2018-07-13 07:16:57'),
(5, 'Prof. Enola Kerluke III', 'irunte@example.net', '$2y$10$TKh8H1.PfQx37YgCzwiKb.KjNyWgaHb9cbcoQgdIVFlYg7B77UdFm', '6nkYkkJxil', '2018-07-13 07:16:57', '2018-07-13 07:16:57'),
(6, 'Samuel', 'samuel_-_rojas@hotmail.com', '$2y$10$C8Tst7aoA/YNiDV4UGZi6OCLFAsNHgWgRO01j6Bf2Jgh2Z5WFPRDe', 'S49wcw3EiKp5e6SN9fyAvI8m7BGvVN77UmVVYAEviKRtYceLpOdlbAxUkdzG', '2018-07-13 08:01:01', '2018-07-13 08:01:01');

--
-- Indexes for dumped tables
--

--
-- Indexes for table `migrations`
--
ALTER TABLE `migrations`
  ADD PRIMARY KEY (`id`);

--
-- Indexes for table `oauth_access_tokens`
--
ALTER TABLE `oauth_access_tokens`
  ADD PRIMARY KEY (`id`),
  ADD KEY `oauth_access_tokens_user_id_index` (`user_id`);

--
-- Indexes for table `oauth_auth_codes`
--
ALTER TABLE `oauth_auth_codes`
  ADD PRIMARY KEY (`id`);

--
-- Indexes for table `oauth_clients`
--
ALTER TABLE `oauth_clients`
  ADD PRIMARY KEY (`id`),
  ADD KEY `oauth_clients_user_id_index` (`user_id`);

--
-- Indexes for table `oauth_personal_access_clients`
--
ALTER TABLE `oauth_personal_access_clients`
  ADD PRIMARY KEY (`id`),
  ADD KEY `oauth_personal_access_clients_client_id_index` (`client_id`);

--
-- Indexes for table `oauth_refresh_tokens`
--
ALTER TABLE `oauth_refresh_tokens`
  ADD PRIMARY KEY (`id`),
  ADD KEY `oauth_refresh_tokens_access_token_id_index` (`access_token_id`);

--
-- Indexes for table `password_resets`
--
ALTER TABLE `password_resets`
  ADD KEY `password_resets_email_index` (`email`);

--
-- Indexes for table `products`
--
ALTER TABLE `products`
  ADD PRIMARY KEY (`id`),
  ADD KEY `products_user_id_index` (`user_id`);

--
-- Indexes for table `reviews`
--
ALTER TABLE `reviews`
  ADD PRIMARY KEY (`id`),
  ADD KEY `reviews_product_id_index` (`product_id`);

--
-- Indexes for table `users`
--
ALTER TABLE `users`
  ADD PRIMARY KEY (`id`),
  ADD UNIQUE KEY `users_email_unique` (`email`);

--
-- AUTO_INCREMENT for dumped tables
--

--
-- AUTO_INCREMENT for table `migrations`
--
ALTER TABLE `migrations`
  MODIFY `id` int(10) UNSIGNED NOT NULL AUTO_INCREMENT, AUTO_INCREMENT=10;
--
-- AUTO_INCREMENT for table `oauth_clients`
--
ALTER TABLE `oauth_clients`
  MODIFY `id` int(10) UNSIGNED NOT NULL AUTO_INCREMENT, AUTO_INCREMENT=3;
--
-- AUTO_INCREMENT for table `oauth_personal_access_clients`
--
ALTER TABLE `oauth_personal_access_clients`
  MODIFY `id` int(10) UNSIGNED NOT NULL AUTO_INCREMENT, AUTO_INCREMENT=2;
--
-- AUTO_INCREMENT for table `products`
--
ALTER TABLE `products`
  MODIFY `id` int(10) UNSIGNED NOT NULL AUTO_INCREMENT, AUTO_INCREMENT=57;
--
-- AUTO_INCREMENT for table `reviews`
--
ALTER TABLE `reviews`
  MODIFY `id` int(10) UNSIGNED NOT NULL AUTO_INCREMENT, AUTO_INCREMENT=301;
--
-- AUTO_INCREMENT for table `users`
--
ALTER TABLE `users`
  MODIFY `id` int(10) UNSIGNED NOT NULL AUTO_INCREMENT, AUTO_INCREMENT=7;
--
-- Constraints for dumped tables
--

--
-- Constraints for table `reviews`
--
ALTER TABLE `reviews`
  ADD CONSTRAINT `reviews_product_id_foreign` FOREIGN KEY (`product_id`) REFERENCES `products` (`id`) ON DELETE CASCADE;

/*!40101 SET CHARACTER_SET_CLIENT=@OLD_CHARACTER_SET_CLIENT */;
/*!40101 SET CHARACTER_SET_RESULTS=@OLD_CHARACTER_SET_RESULTS */;
/*!40101 SET COLLATION_CONNECTION=@OLD_COLLATION_CONNECTION */;
